TIMESTAMP;CGROUP;PERF_COUNT_HW_CACHE_MISSES;PERF_COUNT_HW_INSTRUCTIONS;PERF_COUNT_HW_CPU_CYCLES;PERF_COUNT_SW_CPU_CLOCK
1684316970.395815;#SYSTEM;0;0;0;0
1684316970.395815;/sys/fs/cgroup/anon.slice/anon_service.service;0;0;0;0
1684316970.395815;/sys/fs/cgroup/test.slice/test;0;0;0;0
1684316971.402722;#SYSTEM;0;0;0;0
1684316971.402722;/sys/fs/cgroup/anon.slice/anon_service.service;0;0;0;0
1684316971.402722;/sys/fs/cgroup/test.slice/test;0;0;0;0
1684316972.476295;#SYSTEM;0;0;0;0
1684316972.476295;/sys/fs/cgroup/anon.slice/anon_service.service;0;0;0;0
1684316972.476295;/sys/fs/cgroup/test.slice/test;0;0;0;0
1684316973.532603;#SYSTEM;0;0;0;0
1684316973.532603;/sys/fs/cgroup/anon.slice/anon_service.service;0;0;0;0
1684316973.532603;/sys/fs/cgroup/test.slice/test;0;0;0;0
1684316974.523744;#SYSTEM;0;0;0;0
1684316974.523744;/sys/fs/cgroup/anon.slice/anon_service.service;0;0;0;0
1684316974.523744;/sys/fs/cgroup/test.slice/test;0;0;0;0
1684316975.525469;#SYSTEM;0;0;0;0
1684316975.525469;/sys/fs/cgroup/anon.slice/anon_service.service;0;0;0;0
1684316975.525469;/sys/fs/cgroup/test.slice/test;0;0;0;0
1684316976.541572;#SYSTEM;0;0;0;0
1684316976.541572;/sys/fs/cgroup/anon.slice/anon_service.service;0;0;0;0
1684316976.541572;/sys/fs/cgroup/test.slice/test;0;0;0;0
1684316977.540534;#SYSTEM;0;0;0;0
1684316977.540534;/sys/fs/cgroup/anon.slice/anon_service.service;0;0;0;0
1684316977.540534;/sys/fs/cgroup/test.slice/test;0;0;0;0
1684316978.539477;#SYSTEM;0;0;0;0
1684316978.539477;/sys/fs/cgroup/anon.slice/anon_service.service;0;0;0;0
1684316978.539477;/sys/fs/cgroup/test.slice/test;0;0;0;0
1684316979.538604;#SYSTEM;0;0;0;0
1684316979.538604;/sys/fs/cgroup/anon.slice/anon_service.service;0;0;0;0
1684316979.538604;/sys/fs/cgroup/test.slice/test;0;0;0;0
1684316980.537994;#SYSTEM;0;0;0;0
1684316980.537994;/sys/fs/cgroup/anon.slice/anon_service.service;0;0;0;0
1684316980.537994;/sys/fs/cgroup/test.slice/test;0;0;0;0
1684316981.537023;#SYSTEM;0;0;0;0
1684316981.537023;/sys/fs/cgroup/anon.slice/anon_service.service;0;0;0;0
1684316981.537023;/sys/fs/cgroup/test.slice/test;0;0;0;0
1684316982.536342;#SYSTEM;0;0;0;0
1684316982.536342;/sys/fs/cgroup/anon.slice/anon_service.service;0;0;0;0
1684316982.536342;/sys/fs/cgroup/test.slice/test;0;0;0;0
1684316983.535317;#SYSTEM;0;0;0;0
1684316983.535317;/sys/fs/cgroup/anon.slice/anon_service.service;0;0;0;0
1684316983.535317;/sys/fs/cgroup/test.slice/test;0;0;0;0
1684316984.534666;#SYSTEM;0;0;0;0
1684316984.534666;/sys/fs/cgroup/anon.slice/anon_service.service;0;0;0;0
1684316984.534666;/sys/fs/cgroup/test.slice/test;0;0;0;0
1684316985.533975;#SYSTEM;0;0;0;0
1684316985.533975;/sys/fs/cgroup/anon.slice/anon_service.service;0;0;0;0
1684316985.533975;/sys/fs/cgroup/test.slice/test;0;0;0;0
1684316986.532988;#SYSTEM;0;0;0;0
1684316986.532988;/sys/fs/cgroup/anon.slice/anon_service.service;0;0;0;0
1684316986.532988;/sys/fs/cgroup/test.slice/test;0;0;0;0
1684316987.532466;#SYSTEM;0;0;0;0
1684316987.532466;/sys/fs/cgroup/anon.slice/anon_service.service;0;0;0;0
1684316987.532466;/sys/fs/cgroup/test.slice/test;0;0;0;0
1684316988.531613;#SYSTEM;0;0;0;0
1684316988.531613;/sys/fs/cgroup/anon.slice/anon_service.service;0;0;0;0
1684316988.531613;/sys/fs/cgroup/test.slice/test;0;0;0;0
1684316989.531070;#SYSTEM;0;0;0;0
1684316989.531070;/sys/fs/cgroup/anon.slice/anon_service.service;0;0;0;0
1684316989.531070;/sys/fs/cgroup/test.slice/test;0;0;0;0
1684316990.530172;#SYSTEM;0;0;0;0
1684316990.530172;/sys/fs/cgroup/anon.slice/anon_service.service;0;0;0;0
1684316990.530172;/sys/fs/cgroup/test.slice/test;0;0;0;0
1684316991.531601;#SYSTEM;0;0;0;0
1684316991.531601;/sys/fs/cgroup/anon.slice/anon_service.service;0;0;0;0
1684316991.531601;/sys/fs/cgroup/test.slice/test;0;0;0;0
1684316992.528353;#SYSTEM;0;0;0;0
1684316992.528353;/sys/fs/cgroup/anon.slice/anon_service.service;0;0;0;0
1684316992.528353;/sys/fs/cgroup/test.slice/test;0;0;0;0
1684316993.527626;#SYSTEM;0;0;0;0
1684316993.527626;/sys/fs/cgroup/anon.slice/anon_service.service;0;0;0;0
1684316993.527626;/sys/fs/cgroup/test.slice/test;0;0;0;0
1684316994.526777;#SYSTEM;0;0;0;0
1684316994.526777;/sys/fs/cgroup/anon.slice/anon_service.service;0;0;0;0
1684316994.526777;/sys/fs/cgroup/test.slice/test;0;0;0;0
1684316995.526147;#SYSTEM;0;0;0;0
1684316995.526147;/sys/fs/cgroup/anon.slice/anon_service.service;0;0;0;0
1684316995.526147;/sys/fs/cgroup/test.slice/test;0;0;0;0
1684316996.525354;#SYSTEM;0;0;0;0
1684316996.525354;/sys/fs/cgroup/anon.slice/anon_service.service;0;0;0;0
1684316996.525354;/sys/fs/cgroup/test.slice/test;0;0;0;0
1684316997.524229;#SYSTEM;0;0;0;0
1684316997.524229;/sys/fs/cgroup/anon.slice/anon_service.service;0;0;0;0
1684316997.524229;/sys/fs/cgroup/test.slice/test;0;0;0;0
1684316998.523453;#SYSTEM;0;0;0;0
1684316998.523453;/sys/fs/cgroup/anon.slice/anon_service.service;0;0;0;0
1684316998.523453;/sys/fs/cgroup/test.slice/test;0;0;0;0
1684316999.522739;#SYSTEM;0;0;0;0
1684316999.522739;/sys/fs/cgroup/anon.slice/anon_service.service;0;0;0;0
1684316999.522739;/sys/fs/cgroup/test.slice/test;0;0;0;0
1684317000.522072;#SYSTEM;0;0;0;0
1684317000.522072;/sys/fs/cgroup/anon.slice/anon_service.service;0;0;0;0
1684317000.522072;/sys/fs/cgroup/test.slice/test;0;0;0;0
1684317001.521298;#SYSTEM;0;0;0;0
1684317001.521298;/sys/fs/cgroup/anon.slice/anon_service.service;0;0;0;0
1684317001.521298;/sys/fs/cgroup/test.slice/test;0;0;0;0
1684317002.520588;#SYSTEM;0;0;0;0
1684317002.520588;/sys/fs/cgroup/anon.slice/anon_service.service;0;0;0;0
1684317002.520588;/sys/fs/cgroup/test.slice/test;0;0;0;0
1684317003.519704;#SYSTEM;0;0;0;0
1684317003.519704;/sys/fs/cgroup/anon.slice/anon_service.service;0;0;0;0
1684317003.519704;/sys/fs/cgroup/test.slice/test;0;0;0;0
1684317004.519064;#SYSTEM;0;0;0;0
1684317004.519064;/sys/fs/cgroup/anon.slice/anon_service.service;0;0;0;0
1684317004.519064;/sys/fs/cgroup/test.slice/test;0;0;0;0
1684317005.518045;#SYSTEM;0;0;0;0
1684317005.518045;/sys/fs/cgroup/anon.slice/anon_service.service;0;0;0;0
1684317005.518045;/sys/fs/cgroup/test.slice/test;0;0;0;0
1684317006.517317;#SYSTEM;0;0;0;0
1684317006.517317;/sys/fs/cgroup/anon.slice/anon_service.service;0;0;0;0
1684317006.517317;/sys/fs/cgroup/test.slice/test;0;0;0;0
1684317007.516424;#SYSTEM;0;0;0;0
1684317007.516424;/sys/fs/cgroup/anon.slice/anon_service.service;0;0;0;0
1684317007.516424;/sys/fs/cgroup/test.slice/test;0;0;0;0
1684317008.515579;#SYSTEM;0;0;0;0
1684317008.515579;/sys/fs/cgroup/anon.slice/anon_service.service;0;0;0;0
1684317008.515579;/sys/fs/cgroup/test.slice/test;0;0;0;0
1684317009.514823;#SYSTEM;0;0;0;0
1684317009.514823;/sys/fs/cgroup/anon.slice/anon_service.service;0;0;0;0
1684317009.514823;/sys/fs/cgroup/test.slice/test;0;0;0;0
1684317010.514226;#SYSTEM;0;0;0;0
1684317010.514226;/sys/fs/cgroup/anon.slice/anon_service.service;0;0;0;0
1684317010.514226;/sys/fs/cgroup/test.slice/test;0;0;0;0
1684317011.513295;#SYSTEM;0;0;0;0
1684317011.513295;/sys/fs/cgroup/anon.slice/anon_service.service;0;0;0;0
1684317011.513295;/sys/fs/cgroup/test.slice/test;0;0;0;0
1684317012.512463;#SYSTEM;0;0;0;0
1684317012.512463;/sys/fs/cgroup/anon.slice/anon_service.service;0;0;0;0
1684317012.512463;/sys/fs/cgroup/test.slice/test;0;0;0;0
1684317013.511686;#SYSTEM;0;0;0;0
1684317013.511686;/sys/fs/cgroup/anon.slice/anon_service.service;0;0;0;0
1684317013.511686;/sys/fs/cgroup/test.slice/test;0;0;0;0
1684317014.510868;#SYSTEM;0;0;0;0
1684317014.510868;/sys/fs/cgroup/anon.slice/anon_service.service;0;0;0;0
1684317014.510868;/sys/fs/cgroup/test.slice/test;0;0;0;0
1684317015.510054;#SYSTEM;0;0;0;0
1684317015.510054;/sys/fs/cgroup/anon.slice/anon_service.service;0;0;0;0
1684317015.510054;/sys/fs/cgroup/test.slice/test;0;0;0;0
1684317016.509237;#SYSTEM;0;0;0;0
1684317016.509237;/sys/fs/cgroup/anon.slice/anon_service.service;0;0;0;0
1684317016.509237;/sys/fs/cgroup/test.slice/test;0;0;0;0
1684317017.508339;#SYSTEM;0;0;0;0
1684317017.508339;/sys/fs/cgroup/anon.slice/anon_service.service;0;0;0;0
1684317017.508339;/sys/fs/cgroup/test.slice/test;0;0;0;0
1684317018.507547;#SYSTEM;0;0;0;0
1684317018.507547;/sys/fs/cgroup/anon.slice/anon_service.service;0;0;0;0
1684317018.507547;/sys/fs/cgroup/test.slice/test;0;0;0;0
1684317019.506703;#SYSTEM;0;0;0;0
1684317019.506703;/sys/fs/cgroup/anon.slice/anon_service.service;0;0;0;0
1684317019.506703;/sys/fs/cgroup/test.slice/test;0;0;0;0
1684317020.505933;#SYSTEM;0;0;0;0
1684317020.505933;/sys/fs/cgroup/anon.slice/anon_service.service;0;0;0;0
1684317020.505933;/sys/fs/cgroup/test.slice/test;0;0;0;0
1684317021.505327;#SYSTEM;0;0;0;0
1684317021.505327;/sys/fs/cgroup/anon.slice/anon_service.service;0;0;0;0
1684317021.505327;/sys/fs/cgroup/test.slice/test;0;0;0;0
1684317022.504205;#SYSTEM;0;0;0;0
1684317022.504205;/sys/fs/cgroup/anon.slice/anon_service.service;0;0;0;0
1684317022.504205;/sys/fs/cgroup/test.slice/test;0;0;0;0
1684317023.503732;#SYSTEM;0;0;0;0
1684317023.503732;/sys/fs/cgroup/anon.slice/anon_service.service;0;0;0;0
1684317023.503732;/sys/fs/cgroup/test.slice/test;0;0;0;0
1684317024.502752;#SYSTEM;0;0;0;0
1684317024.502752;/sys/fs/cgroup/anon.slice/anon_service.service;0;0;0;0
1684317024.502752;/sys/fs/cgroup/test.slice/test;0;0;0;0
1684317025.501872;#SYSTEM;0;0;0;0
1684317025.501872;/sys/fs/cgroup/anon.slice/anon_service.service;0;0;0;0
1684317025.501872;/sys/fs/cgroup/test.slice/test;0;0;0;0
1684317026.501154;#SYSTEM;0;0;0;0
1684317026.501154;/sys/fs/cgroup/anon.slice/anon_service.service;0;0;0;0
1684317026.501154;/sys/fs/cgroup/test.slice/test;0;0;0;0
1684317027.500392;#SYSTEM;0;0;0;0
1684317027.500392;/sys/fs/cgroup/anon.slice/anon_service.service;0;0;0;0
1684317027.500392;/sys/fs/cgroup/test.slice/test;0;0;0;0
1684317028.499560;#SYSTEM;0;0;0;0
1684317028.499560;/sys/fs/cgroup/anon.slice/anon_service.service;0;0;0;0
1684317028.499560;/sys/fs/cgroup/test.slice/test;0;0;0;0
1684317029.498672;#SYSTEM;0;0;0;0
1684317029.498672;/sys/fs/cgroup/anon.slice/anon_service.service;0;0;0;0
1684317029.498672;/sys/fs/cgroup/test.slice/test;0;0;0;0
1684317030.498048;#SYSTEM;0;0;0;0
1684317030.498048;/sys/fs/cgroup/anon.slice/anon_service.service;0;0;0;0
1684317030.498048;/sys/fs/cgroup/test.slice/test;0;0;0;0
1684317031.496948;#SYSTEM;0;0;0;0
1684317031.496948;/sys/fs/cgroup/anon.slice/anon_service.service;0;0;0;0
1684317031.496948;/sys/fs/cgroup/test.slice/test;0;0;0;0
1684317032.496348;#SYSTEM;0;0;0;0
1684317032.496348;/sys/fs/cgroup/anon.slice/anon_service.service;0;0;0;0
1684317032.496348;/sys/fs/cgroup/test.slice/test;0;0;0;0
1684317033.495576;#SYSTEM;0;0;0;0
1684317033.495576;/sys/fs/cgroup/anon.slice/anon_service.service;0;0;0;0
1684317033.495576;/sys/fs/cgroup/test.slice/test;0;0;0;0
1684317034.494727;#SYSTEM;0;0;0;0
1684317034.494727;/sys/fs/cgroup/anon.slice/anon_service.service;0;0;0;0
1684317034.494727;/sys/fs/cgroup/test.slice/test;0;0;0;0
1684317035.495460;#SYSTEM;0;0;0;0
1684317035.495460;/sys/fs/cgroup/anon.slice/anon_service.service;0;0;0;0
1684317035.495460;/sys/fs/cgroup/test.slice/test;0;0;0;0
1684317036.494728;#SYSTEM;0;0;0;0
1684317036.494728;/sys/fs/cgroup/anon.slice/anon_service.service;0;0;0;0
1684317036.494728;/sys/fs/cgroup/test.slice/test;0;0;0;0
1684317037.493891;#SYSTEM;0;0;0;0
1684317037.493891;/sys/fs/cgroup/anon.slice/anon_service.service;0;0;0;0
1684317037.493891;/sys/fs/cgroup/test.slice/test;0;0;0;0
1684317038.493002;#SYSTEM;0;0;0;0
1684317038.493002;/sys/fs/cgroup/anon.slice/anon_service.service;0;0;0;0
1684317038.493002;/sys/fs/cgroup/test.slice/test;0;0;0;0
1684317039.492238;#SYSTEM;0;0;0;0
1684317039.492238;/sys/fs/cgroup/anon.slice/anon_service.service;0;0;0;0
1684317039.492238;/sys/fs/cgroup/test.slice/test;0;0;0;0
1684317040.491599;#SYSTEM;0;0;0;0
1684317040.491599;/sys/fs/cgroup/anon.slice/anon_service.service;0;0;0;0
1684317040.491599;/sys/fs/cgroup/test.slice/test;0;0;0;0
1684317041.490631;#SYSTEM;0;0;0;0
1684317041.490631;/sys/fs/cgroup/anon.slice/anon_service.service;0;0;0;0
1684317041.490631;/sys/fs/cgroup/test.slice/test;0;0;0;0
1684317042.490009;#SYSTEM;0;0;0;0
1684317042.490009;/sys/fs/cgroup/anon.slice/anon_service.service;0;0;0;0
1684317042.490009;/sys/fs/cgroup/test.slice/test;0;0;0;0
1684317043.489591;#SYSTEM;0;0;0;0
1684317043.489591;/sys/fs/cgroup/anon.slice/anon_service.service;0;0;0;0
1684317043.489591;/sys/fs/cgroup/test.slice/test;0;0;0;0
1684317044.488500;#SYSTEM;0;0;0;0
1684317044.488500;/sys/fs/cgroup/anon.slice/anon_service.service;0;0;0;0
1684317044.488500;/sys/fs/cgroup/test.slice/test;0;0;0;0
1684317045.487390;#SYSTEM;0;0;0;0
1684317045.487390;/sys/fs/cgroup/anon.slice/anon_service.service;0;0;0;0
1684317045.487390;/sys/fs/cgroup/test.slice/test;0;0;0;0
1684317046.487023;#SYSTEM;0;0;0;0
1684317046.487023;/sys/fs/cgroup/anon.slice/anon_service.service;0;0;0;0
1684317046.487023;/sys/fs/cgroup/test.slice/test;0;0;0;0
1684317047.485829;#SYSTEM;0;0;0;0
1684317047.485829;/sys/fs/cgroup/anon.slice/anon_service.service;0;0;0;0
1684317047.485829;/sys/fs/cgroup/test.slice/test;0;0;0;0
1684317048.484953;#SYSTEM;0;0;0;0
1684317048.484953;/sys/fs/cgroup/anon.slice/anon_service.service;0;0;0;0
1684317048.484953;/sys/fs/cgroup/test.slice/test;0;0;0;0
1684317049.484156;#SYSTEM;0;0;0;0
1684317049.484156;/sys/fs/cgroup/anon.slice/anon_service.service;0;0;0;0
1684317049.484156;/sys/fs/cgroup/test.slice/test;0;0;0;0
1684317050.483393;#SYSTEM;0;0;0;0
1684317050.483393;/sys/fs/cgroup/anon.slice/anon_service.service;0;0;0;0
1684317050.483393;/sys/fs/cgroup/test.slice/test;0;0;0;0
1684317051.482628;#SYSTEM;0;0;0;0
1684317051.482628;/sys/fs/cgroup/anon.slice/anon_service.service;0;0;0;0
1684317051.482628;/sys/fs/cgroup/test.slice/test;0;0;0;0
1684317052.481783;#SYSTEM;0;0;0;0
1684317052.481783;/sys/fs/cgroup/anon.slice/anon_service.service;0;0;0;0
1684317052.481783;/sys/fs/cgroup/test.slice/test;0;0;0;0
1684317053.481115;#SYSTEM;0;0;0;0
1684317053.481115;/sys/fs/cgroup/anon.slice/anon_service.service;0;0;0;0
1684317053.481115;/sys/fs/cgroup/test.slice/test;0;0;0;0
1684317054.480405;#SYSTEM;0;0;0;0
1684317054.480405;/sys/fs/cgroup/anon.slice/anon_service.service;0;0;0;0
1684317054.480405;/sys/fs/cgroup/test.slice/test;0;0;0;0
1684317055.479652;#SYSTEM;0;0;0;0
1684317055.479652;/sys/fs/cgroup/anon.slice/anon_service.service;0;0;0;0
1684317055.479652;/sys/fs/cgroup/test.slice/test;0;0;0;0
1684317056.478768;#SYSTEM;0;0;0;0
1684317056.478768;/sys/fs/cgroup/anon.slice/anon_service.service;0;0;0;0
1684317056.478768;/sys/fs/cgroup/test.slice/test;0;0;0;0
1684317057.478046;#SYSTEM;0;0;0;0
1684317057.478046;/sys/fs/cgroup/anon.slice/anon_service.service;0;0;0;0
1684317057.478046;/sys/fs/cgroup/test.slice/test;0;0;0;0
1684317058.477023;#SYSTEM;0;0;0;0
1684317058.477023;/sys/fs/cgroup/anon.slice/anon_service.service;0;0;0;0
1684317058.477023;/sys/fs/cgroup/test.slice/test;0;0;0;0
1684317059.476214;#SYSTEM;0;0;0;0
1684317059.476214;/sys/fs/cgroup/anon.slice/anon_service.service;0;0;0;0
1684317059.476214;/sys/fs/cgroup/test.slice/test;0;0;0;0
1684317060.475582;#SYSTEM;0;0;0;0
1684317060.475582;/sys/fs/cgroup/anon.slice/anon_service.service;0;0;0;0
1684317060.475582;/sys/fs/cgroup/test.slice/test;0;0;0;0
1684317061.474608;#SYSTEM;0;0;0;0
1684317061.474608;/sys/fs/cgroup/anon.slice/anon_service.service;0;0;0;0
1684317061.474608;/sys/fs/cgroup/test.slice/test;0;0;0;0
1684317062.473971;#SYSTEM;0;0;0;0
1684317062.473971;/sys/fs/cgroup/anon.slice/anon_service.service;0;0;0;0
1684317062.473971;/sys/fs/cgroup/test.slice/test;0;0;0;0
1684317063.472938;#SYSTEM;0;0;0;0
1684317063.472938;/sys/fs/cgroup/anon.slice/anon_service.service;0;0;0;0
1684317063.472938;/sys/fs/cgroup/test.slice/test;0;0;0;0
1684317064.472305;#SYSTEM;0;0;0;0
1684317064.472305;/sys/fs/cgroup/anon.slice/anon_service.service;0;0;0;0
1684317064.472305;/sys/fs/cgroup/test.slice/test;0;0;0;0
1684317065.471322;#SYSTEM;0;0;0;0
1684317065.471322;/sys/fs/cgroup/anon.slice/anon_service.service;0;0;0;0
1684317065.471322;/sys/fs/cgroup/test.slice/test;0;0;0;0
1684317066.470663;#SYSTEM;0;0;0;0
1684317066.470663;/sys/fs/cgroup/anon.slice/anon_service.service;0;0;0;0
1684317066.470663;/sys/fs/cgroup/test.slice/test;0;0;0;0
1684317067.469927;#SYSTEM;0;0;0;0
1684317067.469927;/sys/fs/cgroup/anon.slice/anon_service.service;0;0;0;0
1684317067.469927;/sys/fs/cgroup/test.slice/test;0;0;0;0
1684317068.469060;#SYSTEM;0;0;0;0
1684317068.469060;/sys/fs/cgroup/anon.slice/anon_service.service;0;0;0;0
1684317068.469060;/sys/fs/cgroup/test.slice/test;0;0;0;0
1684317069.468080;#SYSTEM;0;0;0;0
1684317069.468080;/sys/fs/cgroup/anon.slice/anon_service.service;0;0;0;0
1684317069.468080;/sys/fs/cgroup/test.slice/test;0;0;0;0
1684317070.467483;#SYSTEM;0;0;0;0
1684317070.467483;/sys/fs/cgroup/anon.slice/anon_service.service;0;0;0;0
1684317070.467483;/sys/fs/cgroup/test.slice/test;0;0;0;0
1684317071.469237;#SYSTEM;0;0;0;0
1684317071.469237;/sys/fs/cgroup/anon.slice/anon_service.service;0;0;0;0
1684317071.469237;/sys/fs/cgroup/test.slice/test;0;0;0;0
1684317072.468358;#SYSTEM;0;0;0;0
1684317072.468358;/sys/fs/cgroup/anon.slice/anon_service.service;0;0;0;0
1684317072.468358;/sys/fs/cgroup/test.slice/test;0;0;0;0
1684317073.468898;#SYSTEM;0;0;0;0
1684317073.468898;/sys/fs/cgroup/anon.slice/anon_service.service;0;0;0;0
1684317073.468898;/sys/fs/cgroup/test.slice/test;0;0;0;0
1684317074.467848;#SYSTEM;0;0;0;0
1684317074.467848;/sys/fs/cgroup/anon.slice/anon_service.service;0;0;0;0
1684317074.467848;/sys/fs/cgroup/test.slice/test;0;0;0;0
1684317075.467239;#SYSTEM;0;0;0;0
1684317075.467239;/sys/fs/cgroup/anon.slice/anon_service.service;0;0;0;0
1684317075.467239;/sys/fs/cgroup/test.slice/test;0;0;0;0
1684317076.466257;#SYSTEM;0;0;0;0
1684317076.466257;/sys/fs/cgroup/anon.slice/anon_service.service;0;0;0;0
1684317076.466257;/sys/fs/cgroup/test.slice/test;0;0;0;0
1684317077.465406;#SYSTEM;0;0;0;0
1684317077.465406;/sys/fs/cgroup/anon.slice/anon_service.service;0;0;0;0
1684317077.465406;/sys/fs/cgroup/test.slice/test;0;0;0;0
1684317078.464698;#SYSTEM;0;0;0;0
1684317078.464698;/sys/fs/cgroup/anon.slice/anon_service.service;0;0;0;0
1684317078.464698;/sys/fs/cgroup/test.slice/test;0;0;0;0
1684317079.463929;#SYSTEM;0;0;0;0
1684317079.463929;/sys/fs/cgroup/anon.slice/anon_service.service;0;0;0;0
1684317079.463929;/sys/fs/cgroup/test.slice/test;0;0;0;0
1684317080.463267;#SYSTEM;0;0;0;0
1684317080.463267;/sys/fs/cgroup/anon.slice/anon_service.service;0;0;0;0
1684317080.463267;/sys/fs/cgroup/test.slice/test;0;0;0;0
1684317081.462255;#SYSTEM;0;0;0;0
1684317081.462255;/sys/fs/cgroup/anon.slice/anon_service.service;0;0;0;0
1684317081.462255;/sys/fs/cgroup/test.slice/test;0;0;0;0
1684317082.461446;#SYSTEM;0;0;0;0
1684317082.461446;/sys/fs/cgroup/anon.slice/anon_service.service;0;0;0;0
1684317082.461446;/sys/fs/cgroup/test.slice/test;0;0;0;0
1684317083.460724;#SYSTEM;0;0;0;0
1684317083.460724;/sys/fs/cgroup/anon.slice/anon_service.service;0;0;0;0
1684317083.460724;/sys/fs/cgroup/test.slice/test;0;0;0;0
1684317084.459987;#SYSTEM;0;0;0;0
1684317084.459987;/sys/fs/cgroup/anon.slice/anon_service.service;0;0;0;0
1684317084.459987;/sys/fs/cgroup/test.slice/test;0;0;0;0
1684317085.459321;#SYSTEM;0;0;0;0
1684317085.459321;/sys/fs/cgroup/anon.slice/anon_service.service;0;0;0;0
1684317085.459321;/sys/fs/cgroup/test.slice/test;0;0;0;0
1684317086.458387;#SYSTEM;0;0;0;0
1684317086.458387;/sys/fs/cgroup/anon.slice/anon_service.service;0;0;0;0
1684317086.458387;/sys/fs/cgroup/test.slice/test;0;0;0;0
1684317087.457773;#SYSTEM;0;0;0;0
1684317087.457773;/sys/fs/cgroup/anon.slice/anon_service.service;0;0;0;0
1684317087.457773;/sys/fs/cgroup/test.slice/test;0;0;0;0
1684317088.456829;#SYSTEM;0;0;0;0
1684317088.456829;/sys/fs/cgroup/anon.slice/anon_service.service;0;0;0;0
1684317088.456829;/sys/fs/cgroup/test.slice/test;0;0;0;0
1684317089.455871;#SYSTEM;0;0;0;0
1684317089.455871;/sys/fs/cgroup/anon.slice/anon_service.service;0;0;0;0
1684317089.455871;/sys/fs/cgroup/test.slice/test;0;0;0;0
1684317090.455119;#SYSTEM;0;0;0;0
1684317090.455119;/sys/fs/cgroup/anon.slice/anon_service.service;0;0;0;0
1684317090.455119;/sys/fs/cgroup/test.slice/test;0;0;0;0
1684317091.454345;#SYSTEM;0;0;0;0
1684317091.454345;/sys/fs/cgroup/anon.slice/anon_service.service;0;0;0;0
1684317091.454345;/sys/fs/cgroup/test.slice/test;0;0;0;0
1684317092.453490;#SYSTEM;0;0;0;0
1684317092.453490;/sys/fs/cgroup/anon.slice/anon_service.service;0;0;0;0
1684317092.453490;/sys/fs/cgroup/test.slice/test;0;0;0;0
1684317093.452615;#SYSTEM;0;0;0;0
1684317093.452615;/sys/fs/cgroup/anon.slice/anon_service.service;0;0;0;0
1684317093.452615;/sys/fs/cgroup/test.slice/test;0;0;0;0
1684317094.451771;#SYSTEM;0;0;0;0
1684317094.451771;/sys/fs/cgroup/anon.slice/anon_service.service;0;0;0;0
1684317094.451771;/sys/fs/cgroup/test.slice/test;0;0;0;0
1684317095.451434;#SYSTEM;0;0;0;0
1684317095.451434;/sys/fs/cgroup/anon.slice/anon_service.service;0;0;0;0
1684317095.451434;/sys/fs/cgroup/test.slice/test;0;0;0;0
1684317096.450249;#SYSTEM;0;0;0;0
1684317096.450249;/sys/fs/cgroup/anon.slice/anon_service.service;0;0;0;0
1684317096.450249;/sys/fs/cgroup/test.slice/test;0;0;0;0
1684317097.449404;#SYSTEM;0;0;0;0
1684317097.449404;/sys/fs/cgroup/anon.slice/anon_service.service;0;0;0;0
1684317097.449404;/sys/fs/cgroup/test.slice/test;0;0;0;0
1684317098.448558;#SYSTEM;0;0;0;0
1684317098.448558;/sys/fs/cgroup/anon.slice/anon_service.service;0;0;0;0
1684317098.448558;/sys/fs/cgroup/test.slice/test;0;0;0;0
1684317099.447813;#SYSTEM;0;0;0;0
1684317099.447813;/sys/fs/cgroup/anon.slice/anon_service.service;0;0;0;0
1684317099.447813;/sys/fs/cgroup/test.slice/test;0;0;0;0
1684317100.447148;#SYSTEM;0;0;0;0
1684317100.447148;/sys/fs/cgroup/anon.slice/anon_service.service;0;0;0;0
1684317100.447148;/sys/fs/cgroup/test.slice/test;0;0;0;0
1684317101.446395;#SYSTEM;0;0;0;0
1684317101.446395;/sys/fs/cgroup/anon.slice/anon_service.service;0;0;0;0
1684317101.446395;/sys/fs/cgroup/test.slice/test;0;0;0;0
1684317102.445409;#SYSTEM;0;0;0;0
1684317102.445409;/sys/fs/cgroup/anon.slice/anon_service.service;0;0;0;0
1684317102.445409;/sys/fs/cgroup/test.slice/test;0;0;0;0
1684317103.444631;#SYSTEM;0;0;0;0
1684317103.444631;/sys/fs/cgroup/anon.slice/anon_service.service;0;0;0;0
1684317103.444631;/sys/fs/cgroup/test.slice/test;0;0;0;0
1684317104.443908;#SYSTEM;0;0;0;0
1684317104.443908;/sys/fs/cgroup/anon.slice/anon_service.service;0;0;0;0
1684317104.443908;/sys/fs/cgroup/test.slice/test;0;0;0;0
1684317105.443333;#SYSTEM;0;0;0;0
1684317105.443333;/sys/fs/cgroup/anon.slice/anon_service.service;0;0;0;0
1684317105.443333;/sys/fs/cgroup/test.slice/test;0;0;0;0
1684317106.442327;#SYSTEM;0;0;0;0
1684317106.442327;/sys/fs/cgroup/anon.slice/anon_service.service;0;0;0;0
1684317106.442327;/sys/fs/cgroup/test.slice/test;0;0;0;0
1684317107.441560;#SYSTEM;0;0;0;0
1684317107.441560;/sys/fs/cgroup/anon.slice/anon_service.service;0;0;0;0
1684317107.441560;/sys/fs/cgroup/test.slice/test;0;0;0;0
1684317108.440658;#SYSTEM;0;0;0;0
1684317108.440658;/sys/fs/cgroup/anon.slice/anon_service.service;0;0;0;0
1684317108.440658;/sys/fs/cgroup/test.slice/test;0;0;0;0
1684317109.439949;#SYSTEM;0;0;0;0
1684317109.439949;/sys/fs/cgroup/anon.slice/anon_service.service;0;0;0;0
1684317109.439949;/sys/fs/cgroup/test.slice/test;0;0;0;0
1684317110.439012;#SYSTEM;0;0;0;0
1684317110.439012;/sys/fs/cgroup/anon.slice/anon_service.service;0;0;0;0
1684317110.439012;/sys/fs/cgroup/test.slice/test;0;0;0;0
1684317111.438362;#SYSTEM;0;0;0;0
1684317111.438362;/sys/fs/cgroup/anon.slice/anon_service.service;0;0;0;0
1684317111.438362;/sys/fs/cgroup/test.slice/test;0;0;0;0
1684317112.437645;#SYSTEM;0;0;0;0
1684317112.437645;/sys/fs/cgroup/anon.slice/anon_service.service;0;0;0;0
1684317112.437645;/sys/fs/cgroup/test.slice/test;0;0;0;0
1684317113.436548;#SYSTEM;0;0;0;0
1684317113.436548;/sys/fs/cgroup/anon.slice/anon_service.service;0;0;0;0
1684317113.436548;/sys/fs/cgroup/test.slice/test;0;0;0;0
1684317114.454279;#SYSTEM;0;0;0;0
1684317114.454279;/sys/fs/cgroup/anon.slice/anon_service.service;0;0;0;0
1684317114.454279;/sys/fs/cgroup/test.slice/test;0;0;0;0
1684317115.458948;#SYSTEM;0;0;0;0
1684317115.458948;/sys/fs/cgroup/anon.slice/anon_service.service;0;0;0;0
1684317115.458948;/sys/fs/cgroup/test.slice/test;0;0;0;0
1684317116.466623;#SYSTEM;0;0;0;0
1684317116.466623;/sys/fs/cgroup/anon.slice/anon_service.service;0;0;0;0
1684317116.466623;/sys/fs/cgroup/test.slice/test;0;0;0;0
1684317117.471117;#SYSTEM;0;0;0;0
1684317117.471117;/sys/fs/cgroup/anon.slice/anon_service.service;0;0;0;0
1684317117.471117;/sys/fs/cgroup/test.slice/test;0;0;0;0
1684317118.470207;#SYSTEM;0;0;0;0
1684317118.470207;/sys/fs/cgroup/anon.slice/anon_service.service;0;0;0;0
1684317118.470207;/sys/fs/cgroup/test.slice/test;0;0;0;0
1684317119.469268;#SYSTEM;0;0;0;0
1684317119.469268;/sys/fs/cgroup/anon.slice/anon_service.service;0;0;0;0
1684317119.469268;/sys/fs/cgroup/test.slice/test;0;0;0;0
1684317120.468249;#SYSTEM;0;0;0;0
1684317120.468249;/sys/fs/cgroup/anon.slice/anon_service.service;0;0;0;0
1684317120.468249;/sys/fs/cgroup/test.slice/test;0;0;0;0
1684317121.467655;#SYSTEM;0;0;0;0
1684317121.467655;/sys/fs/cgroup/anon.slice/anon_service.service;0;0;0;0
1684317121.467655;/sys/fs/cgroup/test.slice/test;0;0;0;0
1684317122.466786;#SYSTEM;0;0;0;0
1684317122.466786;/sys/fs/cgroup/anon.slice/anon_service.service;0;0;0;0
1684317122.466786;/sys/fs/cgroup/test.slice/test;0;0;0;0
1684317123.466198;#SYSTEM;0;0;0;0
1684317123.466198;/sys/fs/cgroup/anon.slice/anon_service.service;0;0;0;0
1684317123.466198;/sys/fs/cgroup/test.slice/test;0;0;0;0
1684317124.465212;#SYSTEM;0;0;0;0
1684317124.465212;/sys/fs/cgroup/anon.slice/anon_service.service;0;0;0;0
1684317124.465212;/sys/fs/cgroup/test.slice/test;0;0;0;0
1684317125.464208;#SYSTEM;0;0;0;0
1684317125.464208;/sys/fs/cgroup/anon.slice/anon_service.service;0;0;0;0
1684317125.464208;/sys/fs/cgroup/test.slice/test;0;0;0;0
1684317126.463756;#SYSTEM;0;0;0;0
1684317126.463756;/sys/fs/cgroup/anon.slice/anon_service.service;0;0;0;0
1684317126.463756;/sys/fs/cgroup/test.slice/test;0;0;0;0
1684317127.463042;#SYSTEM;0;0;0;0
1684317127.463042;/sys/fs/cgroup/anon.slice/anon_service.service;0;0;0;0
1684317127.463042;/sys/fs/cgroup/test.slice/test;0;0;0;0
1684317128.462184;#SYSTEM;0;0;0;0
1684317128.462184;/sys/fs/cgroup/anon.slice/anon_service.service;0;0;0;0
1684317128.462184;/sys/fs/cgroup/test.slice/test;0;0;0;0
1684317129.461157;#SYSTEM;0;0;0;0
1684317129.461157;/sys/fs/cgroup/anon.slice/anon_service.service;0;0;0;0
1684317129.461157;/sys/fs/cgroup/test.slice/test;0;0;0;0
1684317130.460729;#SYSTEM;0;0;0;0
1684317130.460729;/sys/fs/cgroup/anon.slice/anon_service.service;0;0;0;0
1684317130.460729;/sys/fs/cgroup/test.slice/test;0;0;0;0
1684317131.459909;#SYSTEM;0;0;0;0
1684317131.459909;/sys/fs/cgroup/anon.slice/anon_service.service;0;0;0;0
1684317131.459909;/sys/fs/cgroup/test.slice/test;0;0;0;0
1684317132.459551;#SYSTEM;0;0;0;0
1684317132.459551;/sys/fs/cgroup/anon.slice/anon_service.service;0;0;0;0
1684317132.459551;/sys/fs/cgroup/test.slice/test;0;0;0;0
1684317133.459953;#SYSTEM;0;0;0;0
1684317133.459953;/sys/fs/cgroup/anon.slice/anon_service.service;0;0;0;0
1684317133.459953;/sys/fs/cgroup/test.slice/test;0;0;0;0
1684317134.459251;#SYSTEM;0;0;0;0
1684317134.459251;/sys/fs/cgroup/anon.slice/anon_service.service;0;0;0;0
1684317134.459251;/sys/fs/cgroup/test.slice/test;0;0;0;0
1684317135.458557;#SYSTEM;0;0;0;0
1684317135.458557;/sys/fs/cgroup/anon.slice/anon_service.service;0;0;0;0
1684317135.458557;/sys/fs/cgroup/test.slice/test;0;0;0;0
1684317136.457515;#SYSTEM;0;0;0;0
1684317136.457515;/sys/fs/cgroup/anon.slice/anon_service.service;0;0;0;0
1684317136.457515;/sys/fs/cgroup/test.slice/test;0;0;0;0
1684317137.456834;#SYSTEM;0;0;0;0
1684317137.456834;/sys/fs/cgroup/anon.slice/anon_service.service;0;0;0;0
1684317137.456834;/sys/fs/cgroup/test.slice/test;0;0;0;0
1684317138.455896;#SYSTEM;0;0;0;0
1684317138.455896;/sys/fs/cgroup/anon.slice/anon_service.service;0;0;0;0
1684317138.455896;/sys/fs/cgroup/test.slice/test;0;0;0;0
1684317139.454978;#SYSTEM;0;0;0;0
1684317139.454978;/sys/fs/cgroup/anon.slice/anon_service.service;0;0;0;0
1684317139.454978;/sys/fs/cgroup/test.slice/test;0;0;0;0
1684317140.454406;#SYSTEM;0;0;0;0
1684317140.454406;/sys/fs/cgroup/anon.slice/anon_service.service;0;0;0;0
1684317140.454406;/sys/fs/cgroup/test.slice/test;0;0;0;0
1684317141.453433;#SYSTEM;0;0;0;0
1684317141.453433;/sys/fs/cgroup/anon.slice/anon_service.service;0;0;0;0
1684317141.453433;/sys/fs/cgroup/test.slice/test;0;0;0;0
1684317142.452666;#SYSTEM;0;0;0;0
1684317142.452666;/sys/fs/cgroup/anon.slice/anon_service.service;0;0;0;0
1684317142.452666;/sys/fs/cgroup/test.slice/test;0;0;0;0
1684317143.451883;#SYSTEM;0;0;0;0
1684317143.451883;/sys/fs/cgroup/anon.slice/anon_service.service;0;0;0;0
1684317143.451883;/sys/fs/cgroup/test.slice/test;0;0;0;0
1684317144.451469;#SYSTEM;0;0;0;0
1684317144.451469;/sys/fs/cgroup/anon.slice/anon_service.service;0;0;0;0
1684317144.451469;/sys/fs/cgroup/test.slice/test;0;0;0;0
1684317145.450679;#SYSTEM;0;0;0;0
1684317145.450679;/sys/fs/cgroup/anon.slice/anon_service.service;0;0;0;0
1684317145.450679;/sys/fs/cgroup/test.slice/test;0;0;0;0
1684317146.449589;#SYSTEM;0;0;0;0
1684317146.449589;/sys/fs/cgroup/anon.slice/anon_service.service;0;0;0;0
1684317146.449589;/sys/fs/cgroup/test.slice/test;0;0;0;0
1684317147.449139;#SYSTEM;0;0;0;0
1684317147.449139;/sys/fs/cgroup/anon.slice/anon_service.service;0;0;0;0
1684317147.449139;/sys/fs/cgroup/test.slice/test;0;0;0;0
1684317148.447938;#SYSTEM;0;0;0;0
1684317148.447938;/sys/fs/cgroup/anon.slice/anon_service.service;0;0;0;0
1684317148.447938;/sys/fs/cgroup/test.slice/test;0;0;0;0
1684317149.447439;#SYSTEM;0;0;0;0
1684317149.447439;/sys/fs/cgroup/anon.slice/anon_service.service;0;0;0;0
1684317149.447439;/sys/fs/cgroup/test.slice/test;0;0;0;0
1684317150.446707;#SYSTEM;0;0;0;0
1684317150.446707;/sys/fs/cgroup/anon.slice/anon_service.service;0;0;0;0
1684317150.446707;/sys/fs/cgroup/test.slice/test;0;0;0;0
1684317151.445695;#SYSTEM;0;0;0;0
1684317151.445695;/sys/fs/cgroup/anon.slice/anon_service.service;0;0;0;0
1684317151.445695;/sys/fs/cgroup/test.slice/test;0;0;0;0
1684317152.444871;#SYSTEM;0;0;0;0
1684317152.444871;/sys/fs/cgroup/anon.slice/anon_service.service;0;0;0;0
1684317152.444871;/sys/fs/cgroup/test.slice/test;0;0;0;0
1684317153.444050;#SYSTEM;0;0;0;0
1684317153.444050;/sys/fs/cgroup/anon.slice/anon_service.service;0;0;0;0
1684317153.444050;/sys/fs/cgroup/test.slice/test;0;0;0;0
1684317154.443177;#SYSTEM;0;0;0;0
1684317154.443177;/sys/fs/cgroup/anon.slice/anon_service.service;0;0;0;0
1684317154.443177;/sys/fs/cgroup/test.slice/test;0;0;0;0
1684317155.442472;#SYSTEM;0;0;0;0
1684317155.442472;/sys/fs/cgroup/anon.slice/anon_service.service;0;0;0;0
1684317155.442472;/sys/fs/cgroup/test.slice/test;0;0;0;0
1684317156.441757;#SYSTEM;0;0;0;0
1684317156.441757;/sys/fs/cgroup/anon.slice/anon_service.service;0;0;0;0
1684317156.441757;/sys/fs/cgroup/test.slice/test;0;0;0;0
1684317157.440802;#SYSTEM;0;0;0;0
1684317157.440802;/sys/fs/cgroup/anon.slice/anon_service.service;0;0;0;0
1684317157.440802;/sys/fs/cgroup/test.slice/test;0;0;0;0
1684317158.439934;#SYSTEM;0;0;0;0
1684317158.439934;/sys/fs/cgroup/anon.slice/anon_service.service;0;0;0;0
1684317158.439934;/sys/fs/cgroup/test.slice/test;0;0;0;0
1684317159.439336;#SYSTEM;0;0;0;0
1684317159.439336;/sys/fs/cgroup/anon.slice/anon_service.service;0;0;0;0
1684317159.439336;/sys/fs/cgroup/test.slice/test;0;0;0;0
1684317160.438440;#SYSTEM;0;0;0;0
1684317160.438440;/sys/fs/cgroup/anon.slice/anon_service.service;0;0;0;0
1684317160.438440;/sys/fs/cgroup/test.slice/test;0;0;0;0
1684317161.437842;#SYSTEM;0;0;0;0
1684317161.437842;/sys/fs/cgroup/anon.slice/anon_service.service;0;0;0;0
1684317161.437842;/sys/fs/cgroup/test.slice/test;0;0;0;0
1684317162.436973;#SYSTEM;0;0;0;0
1684317162.436973;/sys/fs/cgroup/anon.slice/anon_service.service;0;0;0;0
1684317162.436973;/sys/fs/cgroup/test.slice/test;0;0;0;0
1684317163.435999;#SYSTEM;0;0;0;0
1684317163.435999;/sys/fs/cgroup/anon.slice/anon_service.service;0;0;0;0
1684317163.435999;/sys/fs/cgroup/test.slice/test;0;0;0;0
1684317164.435142;#SYSTEM;0;0;0;0
1684317164.435142;/sys/fs/cgroup/anon.slice/anon_service.service;0;0;0;0
1684317164.435142;/sys/fs/cgroup/test.slice/test;0;0;0;0
1684317165.435830;#SYSTEM;0;0;0;0
1684317165.435830;/sys/fs/cgroup/anon.slice/anon_service.service;0;0;0;0
1684317165.435830;/sys/fs/cgroup/test.slice/test;0;0;0;0
1684317166.435220;#SYSTEM;0;0;0;0
1684317166.435220;/sys/fs/cgroup/anon.slice/anon_service.service;0;0;0;0
1684317166.435220;/sys/fs/cgroup/test.slice/test;0;0;0;0
1684317167.434453;#SYSTEM;0;0;0;0
1684317167.434453;/sys/fs/cgroup/anon.slice/anon_service.service;0;0;0;0
1684317167.434453;/sys/fs/cgroup/test.slice/test;0;0;0;0
1684317168.433501;#SYSTEM;0;0;0;0
1684317168.433501;/sys/fs/cgroup/anon.slice/anon_service.service;0;0;0;0
1684317168.433501;/sys/fs/cgroup/test.slice/test;0;0;0;0
1684317169.432690;#SYSTEM;0;0;0;0
1684317169.432690;/sys/fs/cgroup/anon.slice/anon_service.service;0;0;0;0
1684317169.432690;/sys/fs/cgroup/test.slice/test;0;0;0;0
1684317170.432022;#SYSTEM;0;0;0;0
1684317170.432022;/sys/fs/cgroup/anon.slice/anon_service.service;0;0;0;0
1684317170.432022;/sys/fs/cgroup/test.slice/test;0;0;0;0
1684317171.431091;#SYSTEM;0;0;0;0
1684317171.431091;/sys/fs/cgroup/anon.slice/anon_service.service;0;0;0;0
1684317171.431091;/sys/fs/cgroup/test.slice/test;0;0;0;0
1684317172.430396;#SYSTEM;0;0;0;0
1684317172.430396;/sys/fs/cgroup/anon.slice/anon_service.service;0;0;0;0
1684317172.430396;/sys/fs/cgroup/test.slice/test;0;0;0;0
1684317173.429416;#SYSTEM;0;0;0;0
1684317173.429416;/sys/fs/cgroup/anon.slice/anon_service.service;0;0;0;0
1684317173.429416;/sys/fs/cgroup/test.slice/test;0;0;0;0
1684317174.428751;#SYSTEM;0;0;0;0
1684317174.428751;/sys/fs/cgroup/anon.slice/anon_service.service;0;0;0;0
1684317174.428751;/sys/fs/cgroup/test.slice/test;0;0;0;0
1684317175.427893;#SYSTEM;0;0;0;0
1684317175.427893;/sys/fs/cgroup/anon.slice/anon_service.service;0;0;0;0
1684317175.427893;/sys/fs/cgroup/test.slice/test;0;0;0;0
1684317176.427035;#SYSTEM;0;0;0;0
1684317176.427035;/sys/fs/cgroup/anon.slice/anon_service.service;0;0;0;0
1684317176.427035;/sys/fs/cgroup/test.slice/test;0;0;0;0
1684317177.426306;#SYSTEM;0;0;0;0
1684317177.426306;/sys/fs/cgroup/anon.slice/anon_service.service;0;0;0;0
1684317177.426306;/sys/fs/cgroup/test.slice/test;0;0;0;0
1684317178.425579;#SYSTEM;0;0;0;0
1684317178.425579;/sys/fs/cgroup/anon.slice/anon_service.service;0;0;0;0
1684317178.425579;/sys/fs/cgroup/test.slice/test;0;0;0;0
1684317179.424577;#SYSTEM;0;0;0;0
1684317179.424577;/sys/fs/cgroup/anon.slice/anon_service.service;0;0;0;0
1684317179.424577;/sys/fs/cgroup/test.slice/test;0;0;0;0
1684317180.424168;#SYSTEM;0;0;0;0
1684317180.424168;/sys/fs/cgroup/anon.slice/anon_service.service;0;0;0;0
1684317180.424168;/sys/fs/cgroup/test.slice/test;0;0;0;0
1684317181.423102;#SYSTEM;0;0;0;0
1684317181.423102;/sys/fs/cgroup/anon.slice/anon_service.service;0;0;0;0
1684317181.423102;/sys/fs/cgroup/test.slice/test;0;0;0;0
1684317182.422189;#SYSTEM;0;0;0;0
1684317182.422189;/sys/fs/cgroup/anon.slice/anon_service.service;0;0;0;0
1684317182.422189;/sys/fs/cgroup/test.slice/test;0;0;0;0
1684317183.421444;#SYSTEM;0;0;0;0
1684317183.421444;/sys/fs/cgroup/anon.slice/anon_service.service;0;0;0;0
1684317183.421444;/sys/fs/cgroup/test.slice/test;0;0;0;0
1684317184.420737;#SYSTEM;0;0;0;0
1684317184.420737;/sys/fs/cgroup/anon.slice/anon_service.service;0;0;0;0
1684317184.420737;/sys/fs/cgroup/test.slice/test;0;0;0;0
1684317185.419793;#SYSTEM;0;0;0;0
1684317185.419793;/sys/fs/cgroup/anon.slice/anon_service.service;0;0;0;0
1684317185.419793;/sys/fs/cgroup/test.slice/test;0;0;0;0
1684317186.419261;#SYSTEM;0;0;0;0
1684317186.419261;/sys/fs/cgroup/anon.slice/anon_service.service;0;0;0;0
1684317186.419261;/sys/fs/cgroup/test.slice/test;0;0;0;0
1684317187.418576;#SYSTEM;0;0;0;0
1684317187.418576;/sys/fs/cgroup/anon.slice/anon_service.service;0;0;0;0
1684317187.418576;/sys/fs/cgroup/test.slice/test;0;0;0;0
1684317188.417419;#SYSTEM;0;0;0;0
1684317188.417419;/sys/fs/cgroup/anon.slice/anon_service.service;0;0;0;0
1684317188.417419;/sys/fs/cgroup/test.slice/test;0;0;0;0
1684317189.416533;#SYSTEM;0;0;0;0
1684317189.416533;/sys/fs/cgroup/anon.slice/anon_service.service;0;0;0;0
1684317189.416533;/sys/fs/cgroup/test.slice/test;0;0;0;0
1684317190.415929;#SYSTEM;0;0;0;0
1684317190.415929;/sys/fs/cgroup/anon.slice/anon_service.service;0;0;0;0
1684317190.415929;/sys/fs/cgroup/test.slice/test;0;0;0;0
1684317191.415196;#SYSTEM;0;0;0;0
1684317191.415196;/sys/fs/cgroup/anon.slice/anon_service.service;0;0;0;0
1684317191.415196;/sys/fs/cgroup/test.slice/test;0;0;0;0
1684317192.414530;#SYSTEM;0;0;0;0
1684317192.414530;/sys/fs/cgroup/anon.slice/anon_service.service;0;0;0;0
1684317192.414530;/sys/fs/cgroup/test.slice/test;0;0;0;0
1684317193.413617;#SYSTEM;0;0;0;0
1684317193.413617;/sys/fs/cgroup/anon.slice/anon_service.service;0;0;0;0
1684317193.413617;/sys/fs/cgroup/test.slice/test;0;0;0;0
1684317194.412795;#SYSTEM;0;0;0;0
1684317194.412795;/sys/fs/cgroup/anon.slice/anon_service.service;0;0;0;0
1684317194.412795;/sys/fs/cgroup/test.slice/test;0;0;0;0
1684317195.412156;#SYSTEM;0;0;0;0
1684317195.412156;/sys/fs/cgroup/anon.slice/anon_service.service;0;0;0;0
1684317195.412156;/sys/fs/cgroup/test.slice/test;0;0;0;0
1684317196.411362;#SYSTEM;0;0;0;0
1684317196.411362;/sys/fs/cgroup/anon.slice/anon_service.service;0;0;0;0
1684317196.411362;/sys/fs/cgroup/test.slice/test;0;0;0;0
1684317197.410702;#SYSTEM;0;0;0;0
1684317197.410702;/sys/fs/cgroup/anon.slice/anon_service.service;0;0;0;0
1684317197.410702;/sys/fs/cgroup/test.slice/test;0;0;0;0
1684317198.409757;#SYSTEM;0;0;0;0
1684317198.409757;/sys/fs/cgroup/anon.slice/anon_service.service;0;0;0;0
1684317198.409757;/sys/fs/cgroup/test.slice/test;0;0;0;0
1684317199.408797;#SYSTEM;0;0;0;0
1684317199.408797;/sys/fs/cgroup/anon.slice/anon_service.service;0;0;0;0
1684317199.408797;/sys/fs/cgroup/test.slice/test;0;0;0;0
1684317200.407887;#SYSTEM;0;0;0;0
1684317200.407887;/sys/fs/cgroup/anon.slice/anon_service.service;0;0;0;0
1684317200.407887;/sys/fs/cgroup/test.slice/test;0;0;0;0
1684317201.407483;#SYSTEM;0;0;0;0
1684317201.407483;/sys/fs/cgroup/anon.slice/anon_service.service;0;0;0;0
1684317201.407483;/sys/fs/cgroup/test.slice/test;0;0;0;0
1684317202.406384;#SYSTEM;0;0;0;0
1684317202.406384;/sys/fs/cgroup/anon.slice/anon_service.service;0;0;0;0
1684317202.406384;/sys/fs/cgroup/test.slice/test;0;0;0;0
1684317203.405693;#SYSTEM;0;0;0;0
1684317203.405693;/sys/fs/cgroup/anon.slice/anon_service.service;0;0;0;0
1684317203.405693;/sys/fs/cgroup/test.slice/test;0;0;0;0
1684317204.408026;#SYSTEM;0;0;0;0
1684317204.408026;/sys/fs/cgroup/anon.slice/anon_service.service;0;0;0;0
1684317204.408026;/sys/fs/cgroup/test.slice/test;0;0;0;0
1684317205.407409;#SYSTEM;0;0;0;0
1684317205.407409;/sys/fs/cgroup/anon.slice/anon_service.service;0;0;0;0
1684317205.407409;/sys/fs/cgroup/test.slice/test;0;0;0;0
1684317206.406432;#SYSTEM;0;0;0;0
1684317206.406432;/sys/fs/cgroup/anon.slice/anon_service.service;0;0;0;0
1684317206.406432;/sys/fs/cgroup/test.slice/test;0;0;0;0
1684317207.405717;#SYSTEM;0;0;0;0
1684317207.405717;/sys/fs/cgroup/anon.slice/anon_service.service;0;0;0;0
1684317207.405717;/sys/fs/cgroup/test.slice/test;0;0;0;0
1684317208.404704;#SYSTEM;0;0;0;0
1684317208.404704;/sys/fs/cgroup/anon.slice/anon_service.service;0;0;0;0
1684317208.404704;/sys/fs/cgroup/test.slice/test;0;0;0;0
1684317209.406934;#SYSTEM;0;0;0;0
1684317209.406934;/sys/fs/cgroup/anon.slice/anon_service.service;0;0;0;0
1684317209.406934;/sys/fs/cgroup/test.slice/test;0;0;0;0
1684317210.406277;#SYSTEM;0;0;0;0
1684317210.406277;/sys/fs/cgroup/anon.slice/anon_service.service;0;0;0;0
1684317210.406277;/sys/fs/cgroup/test.slice/test;0;0;0;0
1684317211.405530;#SYSTEM;0;0;0;0
1684317211.405530;/sys/fs/cgroup/anon.slice/anon_service.service;0;0;0;0
1684317211.405530;/sys/fs/cgroup/test.slice/test;0;0;0;0
1684317212.404623;#SYSTEM;0;0;0;0
1684317212.404623;/sys/fs/cgroup/anon.slice/anon_service.service;0;0;0;0
1684317212.404623;/sys/fs/cgroup/test.slice/test;0;0;0;0
1684317213.403965;#SYSTEM;0;0;0;0
1684317213.403965;/sys/fs/cgroup/anon.slice/anon_service.service;0;0;0;0
1684317213.403965;/sys/fs/cgroup/test.slice/test;0;0;0;0
1684317214.403084;#SYSTEM;0;0;0;0
1684317214.403084;/sys/fs/cgroup/anon.slice/anon_service.service;0;0;0;0
1684317214.403084;/sys/fs/cgroup/test.slice/test;0;0;0;0
1684317215.402511;#SYSTEM;0;0;0;0
1684317215.402511;/sys/fs/cgroup/anon.slice/anon_service.service;0;0;0;0
1684317215.402511;/sys/fs/cgroup/test.slice/test;0;0;0;0
1684317216.401613;#SYSTEM;0;0;0;0
1684317216.401613;/sys/fs/cgroup/anon.slice/anon_service.service;0;0;0;0
1684317216.401613;/sys/fs/cgroup/test.slice/test;0;0;0;0
1684317217.400639;#SYSTEM;0;0;0;0
1684317217.400639;/sys/fs/cgroup/anon.slice/anon_service.service;0;0;0;0
1684317217.400639;/sys/fs/cgroup/test.slice/test;0;0;0;0
1684317218.399801;#SYSTEM;0;0;0;0
1684317218.399801;/sys/fs/cgroup/anon.slice/anon_service.service;0;0;0;0
1684317218.399801;/sys/fs/cgroup/test.slice/test;0;0;0;0
1684317219.399172;#SYSTEM;0;0;0;0
1684317219.399172;/sys/fs/cgroup/anon.slice/anon_service.service;0;0;0;0
1684317219.399172;/sys/fs/cgroup/test.slice/test;0;0;0;0
1684317220.398538;#SYSTEM;0;0;0;0
1684317220.398538;/sys/fs/cgroup/anon.slice/anon_service.service;0;0;0;0
1684317220.398538;/sys/fs/cgroup/test.slice/test;0;0;0;0
1684317221.397614;#SYSTEM;0;0;0;0
1684317221.397614;/sys/fs/cgroup/anon.slice/anon_service.service;0;0;0;0
1684317221.397614;/sys/fs/cgroup/test.slice/test;0;0;0;0
1684317222.396707;#SYSTEM;0;0;0;0
1684317222.396707;/sys/fs/cgroup/anon.slice/anon_service.service;0;0;0;0
1684317222.396707;/sys/fs/cgroup/test.slice/test;0;0;0;0
1684317223.395924;#SYSTEM;0;0;0;0
1684317223.395924;/sys/fs/cgroup/anon.slice/anon_service.service;0;0;0;0
1684317223.395924;/sys/fs/cgroup/test.slice/test;0;0;0;0
1684317224.395365;#SYSTEM;0;0;0;0
1684317224.395365;/sys/fs/cgroup/anon.slice/anon_service.service;0;0;0;0
1684317224.395365;/sys/fs/cgroup/test.slice/test;0;0;0;0
1684317225.394537;#SYSTEM;0;0;0;0
1684317225.394537;/sys/fs/cgroup/anon.slice/anon_service.service;0;0;0;0
1684317225.394537;/sys/fs/cgroup/test.slice/test;0;0;0;0
1684317226.393729;#SYSTEM;0;0;0;0
1684317226.393729;/sys/fs/cgroup/anon.slice/anon_service.service;0;0;0;0
1684317226.393729;/sys/fs/cgroup/test.slice/test;0;0;0;0
1684317227.392777;#SYSTEM;0;0;0;0
1684317227.392777;/sys/fs/cgroup/anon.slice/anon_service.service;0;0;0;0
1684317227.392777;/sys/fs/cgroup/test.slice/test;0;0;0;0
1684317228.392036;#SYSTEM;0;0;0;0
1684317228.392036;/sys/fs/cgroup/anon.slice/anon_service.service;0;0;0;0
1684317228.392036;/sys/fs/cgroup/test.slice/test;0;0;0;0
1684317229.391442;#SYSTEM;0;0;0;0
1684317229.391442;/sys/fs/cgroup/anon.slice/anon_service.service;0;0;0;0
1684317229.391442;/sys/fs/cgroup/test.slice/test;0;0;0;0
1684317230.390578;#SYSTEM;0;0;0;0
1684317230.390578;/sys/fs/cgroup/anon.slice/anon_service.service;0;0;0;0
1684317230.390578;/sys/fs/cgroup/test.slice/test;0;0;0;0
1684317231.389750;#SYSTEM;0;0;0;0
1684317231.389750;/sys/fs/cgroup/anon.slice/anon_service.service;0;0;0;0
1684317231.389750;/sys/fs/cgroup/test.slice/test;0;0;0;0
1684317232.399891;#SYSTEM;0;0;0;0
1684317232.399891;/sys/fs/cgroup/anon.slice/anon_service.service;0;0;0;0
1684317232.399891;/sys/fs/cgroup/test.slice/test;0;0;0;0
1684317233.399223;#SYSTEM;0;0;0;0
1684317233.399223;/sys/fs/cgroup/anon.slice/anon_service.service;0;0;0;0
1684317233.399223;/sys/fs/cgroup/test.slice/test;0;0;0;0
1684317234.398342;#SYSTEM;0;0;0;0
1684317234.398342;/sys/fs/cgroup/anon.slice/anon_service.service;0;0;0;0
1684317234.398342;/sys/fs/cgroup/test.slice/test;0;0;0;0
1684317235.397552;#SYSTEM;0;0;0;0
1684317235.397552;/sys/fs/cgroup/anon.slice/anon_service.service;0;0;0;0
1684317235.397552;/sys/fs/cgroup/test.slice/test;0;0;0;0
1684317236.396685;#SYSTEM;0;0;0;0
1684317236.396685;/sys/fs/cgroup/anon.slice/anon_service.service;0;0;0;0
1684317236.396685;/sys/fs/cgroup/test.slice/test;0;0;0;0
1684317237.399832;#SYSTEM;0;0;0;0
1684317237.399832;/sys/fs/cgroup/anon.slice/anon_service.service;0;0;0;0
1684317237.399832;/sys/fs/cgroup/test.slice/test;0;0;0;0
1684317238.398917;#SYSTEM;0;0;0;0
1684317238.398917;/sys/fs/cgroup/anon.slice/anon_service.service;0;0;0;0
1684317238.398917;/sys/fs/cgroup/test.slice/test;0;0;0;0
1684317239.400340;#SYSTEM;0;0;0;0
1684317239.400340;/sys/fs/cgroup/anon.slice/anon_service.service;0;0;0;0
1684317239.400340;/sys/fs/cgroup/test.slice/test;0;0;0;0
1684317240.399563;#SYSTEM;0;0;0;0
1684317240.399563;/sys/fs/cgroup/anon.slice/anon_service.service;0;0;0;0
1684317240.399563;/sys/fs/cgroup/test.slice/test;0;0;0;0
1684317241.400991;#SYSTEM;0;0;0;0
1684317241.400991;/sys/fs/cgroup/anon.slice/anon_service.service;0;0;0;0
1684317241.400991;/sys/fs/cgroup/test.slice/test;0;0;0;0
1684317242.400100;#SYSTEM;0;0;0;0
1684317242.400100;/sys/fs/cgroup/anon.slice/anon_service.service;0;0;0;0
1684317242.400100;/sys/fs/cgroup/test.slice/test;0;0;0;0
1684317243.399406;#SYSTEM;0;0;0;0
1684317243.399406;/sys/fs/cgroup/anon.slice/anon_service.service;0;0;0;0
1684317243.399406;/sys/fs/cgroup/test.slice/test;0;0;0;0
1684317244.398563;#SYSTEM;0;0;0;0
1684317244.398563;/sys/fs/cgroup/anon.slice/anon_service.service;0;0;0;0
1684317244.398563;/sys/fs/cgroup/test.slice/test;0;0;0;0
1684317245.397640;#SYSTEM;0;0;0;0
1684317245.397640;/sys/fs/cgroup/anon.slice/anon_service.service;0;0;0;0
1684317245.397640;/sys/fs/cgroup/test.slice/test;0;0;0;0
1684317246.396772;#SYSTEM;0;0;0;0
1684317246.396772;/sys/fs/cgroup/anon.slice/anon_service.service;0;0;0;0
1684317246.396772;/sys/fs/cgroup/test.slice/test;0;0;0;0
1684317247.396060;#SYSTEM;0;0;0;0
1684317247.396060;/sys/fs/cgroup/anon.slice/anon_service.service;0;0;0;0
1684317247.396060;/sys/fs/cgroup/test.slice/test;0;0;0;0
1684317248.395247;#SYSTEM;0;0;0;0
1684317248.395247;/sys/fs/cgroup/anon.slice/anon_service.service;0;0;0;0
1684317248.395247;/sys/fs/cgroup/test.slice/test;0;0;0;0
1684317249.394382;#SYSTEM;0;0;0;0
1684317249.394382;/sys/fs/cgroup/anon.slice/anon_service.service;0;0;0;0
1684317249.394382;/sys/fs/cgroup/test.slice/test;0;0;0;0
1684317250.393668;#SYSTEM;0;0;0;0
1684317250.393668;/sys/fs/cgroup/anon.slice/anon_service.service;0;0;0;0
1684317250.393668;/sys/fs/cgroup/test.slice/test;0;0;0;0
1684317251.392809;#SYSTEM;0;0;0;0
1684317251.392809;/sys/fs/cgroup/anon.slice/anon_service.service;0;0;0;0
1684317251.392809;/sys/fs/cgroup/test.slice/test;0;0;0;0
1684317252.391911;#SYSTEM;0;0;0;0
1684317252.391911;/sys/fs/cgroup/anon.slice/anon_service.service;0;0;0;0
1684317252.391911;/sys/fs/cgroup/test.slice/test;0;0;0;0
1684317253.391254;#SYSTEM;0;0;0;0
1684317253.391254;/sys/fs/cgroup/anon.slice/anon_service.service;0;0;0;0
1684317253.391254;/sys/fs/cgroup/test.slice/test;0;0;0;0
1684317254.397277;#SYSTEM;0;0;0;0
1684317254.397277;/sys/fs/cgroup/anon.slice/anon_service.service;0;0;0;0
1684317254.397277;/sys/fs/cgroup/test.slice/test;0;0;0;0
1684317255.416173;#SYSTEM;0;0;0;0
1684317255.416173;/sys/fs/cgroup/anon.slice/anon_service.service;0;0;0;0
1684317255.416173;/sys/fs/cgroup/test.slice/test;0;0;0;0
1684317256.415360;#SYSTEM;0;0;0;0
1684317256.415360;/sys/fs/cgroup/anon.slice/anon_service.service;0;0;0;0
1684317256.415360;/sys/fs/cgroup/test.slice/test;0;0;0;0
1684317257.473199;#SYSTEM;0;0;0;0
1684317257.473199;/sys/fs/cgroup/anon.slice/anon_service.service;0;0;0;0
1684317257.473199;/sys/fs/cgroup/test.slice/test;0;0;0;0
1684317258.472702;#SYSTEM;0;0;0;0
1684317258.472702;/sys/fs/cgroup/anon.slice/anon_service.service;0;0;0;0
1684317258.472702;/sys/fs/cgroup/test.slice/test;0;0;0;0
1684317259.471935;#SYSTEM;0;0;0;0
1684317259.471935;/sys/fs/cgroup/anon.slice/anon_service.service;0;0;0;0
1684317259.471935;/sys/fs/cgroup/test.slice/test;0;0;0;0
1684317260.471191;#SYSTEM;0;0;0;0
1684317260.471191;/sys/fs/cgroup/anon.slice/anon_service.service;0;0;0;0
1684317260.471191;/sys/fs/cgroup/test.slice/test;0;0;0;0
1684317261.470422;#SYSTEM;0;0;0;0
1684317261.470422;/sys/fs/cgroup/anon.slice/anon_service.service;0;0;0;0
1684317261.470422;/sys/fs/cgroup/test.slice/test;0;0;0;0
1684317262.469789;#SYSTEM;0;0;0;0
1684317262.469789;/sys/fs/cgroup/anon.slice/anon_service.service;0;0;0;0
1684317262.469789;/sys/fs/cgroup/test.slice/test;0;0;0;0
1684317263.468763;#SYSTEM;0;0;0;0
1684317263.468763;/sys/fs/cgroup/anon.slice/anon_service.service;0;0;0;0
1684317263.468763;/sys/fs/cgroup/test.slice/test;0;0;0;0
1684317264.467886;#SYSTEM;0;0;0;0
1684317264.467886;/sys/fs/cgroup/anon.slice/anon_service.service;0;0;0;0
1684317264.467886;/sys/fs/cgroup/test.slice/test;0;0;0;0
1684317265.467231;#SYSTEM;0;0;0;0
1684317265.467231;/sys/fs/cgroup/anon.slice/anon_service.service;0;0;0;0
1684317265.467231;/sys/fs/cgroup/test.slice/test;0;0;0;0
1684317266.466620;#SYSTEM;0;0;0;0
1684317266.466620;/sys/fs/cgroup/anon.slice/anon_service.service;0;0;0;0
1684317266.466620;/sys/fs/cgroup/test.slice/test;0;0;0;0
1684317267.465688;#SYSTEM;0;0;0;0
1684317267.465688;/sys/fs/cgroup/anon.slice/anon_service.service;0;0;0;0
1684317267.465688;/sys/fs/cgroup/test.slice/test;0;0;0;0
1684317268.464947;#SYSTEM;0;0;0;0
1684317268.464947;/sys/fs/cgroup/anon.slice/anon_service.service;0;0;0;0
1684317268.464947;/sys/fs/cgroup/test.slice/test;0;0;0;0
1684317269.464227;#SYSTEM;0;0;0;0
1684317269.464227;/sys/fs/cgroup/anon.slice/anon_service.service;0;0;0;0
1684317269.464227;/sys/fs/cgroup/test.slice/test;0;0;0;0
1684317270.463248;#SYSTEM;0;0;0;0
1684317270.463248;/sys/fs/cgroup/anon.slice/anon_service.service;0;0;0;0
1684317270.463248;/sys/fs/cgroup/test.slice/test;0;0;0;0
1684317271.462499;#SYSTEM;0;0;0;0
1684317271.462499;/sys/fs/cgroup/anon.slice/anon_service.service;0;0;0;0
1684317271.462499;/sys/fs/cgroup/test.slice/test;0;0;0;0
1684317272.461839;#SYSTEM;0;0;0;0
1684317272.461839;/sys/fs/cgroup/anon.slice/anon_service.service;0;0;0;0
1684317272.461839;/sys/fs/cgroup/test.slice/test;0;0;0;0
1684317273.461009;#SYSTEM;0;0;0;0
1684317273.461009;/sys/fs/cgroup/anon.slice/anon_service.service;0;0;0;0
1684317273.461009;/sys/fs/cgroup/test.slice/test;0;0;0;0
1684317274.460150;#SYSTEM;0;0;0;0
1684317274.460150;/sys/fs/cgroup/anon.slice/anon_service.service;0;0;0;0
1684317274.460150;/sys/fs/cgroup/test.slice/test;0;0;0;0
1684317275.459137;#SYSTEM;0;0;0;0
1684317275.459137;/sys/fs/cgroup/anon.slice/anon_service.service;0;0;0;0
1684317275.459137;/sys/fs/cgroup/test.slice/test;0;0;0;0
1684317276.458339;#SYSTEM;0;0;0;0
1684317276.458339;/sys/fs/cgroup/anon.slice/anon_service.service;0;0;0;0
1684317276.458339;/sys/fs/cgroup/test.slice/test;0;0;0;0
1684317277.457770;#SYSTEM;0;0;0;0
1684317277.457770;/sys/fs/cgroup/anon.slice/anon_service.service;0;0;0;0
1684317277.457770;/sys/fs/cgroup/test.slice/test;0;0;0;0
1684317278.457117;#SYSTEM;0;0;0;0
1684317278.457117;/sys/fs/cgroup/anon.slice/anon_service.service;0;0;0;0
1684317278.457117;/sys/fs/cgroup/test.slice/test;0;0;0;0
1684317279.456107;#SYSTEM;0;0;0;0
1684317279.456107;/sys/fs/cgroup/anon.slice/anon_service.service;0;0;0;0
1684317279.456107;/sys/fs/cgroup/test.slice/test;0;0;0;0
1684317280.455327;#SYSTEM;0;0;0;0
1684317280.455327;/sys/fs/cgroup/anon.slice/anon_service.service;0;0;0;0
1684317280.455327;/sys/fs/cgroup/test.slice/test;0;0;0;0
1684317281.454488;#SYSTEM;0;0;0;0
1684317281.454488;/sys/fs/cgroup/anon.slice/anon_service.service;0;0;0;0
1684317281.454488;/sys/fs/cgroup/test.slice/test;0;0;0;0
1684317282.453689;#SYSTEM;0;0;0;0
1684317282.453689;/sys/fs/cgroup/anon.slice/anon_service.service;0;0;0;0
1684317282.453689;/sys/fs/cgroup/test.slice/test;0;0;0;0
1684317283.453158;#SYSTEM;0;0;0;0
1684317283.453158;/sys/fs/cgroup/anon.slice/anon_service.service;0;0;0;0
1684317283.453158;/sys/fs/cgroup/test.slice/test;0;0;0;0
1684317284.451988;#SYSTEM;0;0;0;0
1684317284.451988;/sys/fs/cgroup/anon.slice/anon_service.service;0;0;0;0
1684317284.451988;/sys/fs/cgroup/test.slice/test;0;0;0;0
1684317285.451281;#SYSTEM;0;0;0;0
1684317285.451281;/sys/fs/cgroup/anon.slice/anon_service.service;0;0;0;0
1684317285.451281;/sys/fs/cgroup/test.slice/test;0;0;0;0
1684317286.450583;#SYSTEM;0;0;0;0
1684317286.450583;/sys/fs/cgroup/anon.slice/anon_service.service;0;0;0;0
1684317286.450583;/sys/fs/cgroup/test.slice/test;0;0;0;0
1684317287.449908;#SYSTEM;0;0;0;0
1684317287.449908;/sys/fs/cgroup/anon.slice/anon_service.service;0;0;0;0
1684317287.449908;/sys/fs/cgroup/test.slice/test;0;0;0;0
1684317288.448792;#SYSTEM;0;0;0;0
1684317288.448792;/sys/fs/cgroup/anon.slice/anon_service.service;0;0;0;0
1684317288.448792;/sys/fs/cgroup/test.slice/test;0;0;0;0
1684317289.447923;#SYSTEM;0;0;0;0
1684317289.447923;/sys/fs/cgroup/anon.slice/anon_service.service;0;0;0;0
1684317289.447923;/sys/fs/cgroup/test.slice/test;0;0;0;0
1684317290.447446;#SYSTEM;0;0;0;0
1684317290.447446;/sys/fs/cgroup/anon.slice/anon_service.service;0;0;0;0
1684317290.447446;/sys/fs/cgroup/test.slice/test;0;0;0;0
1684317291.446691;#SYSTEM;0;0;0;0
1684317291.446691;/sys/fs/cgroup/anon.slice/anon_service.service;0;0;0;0
1684317291.446691;/sys/fs/cgroup/test.slice/test;0;0;0;0
1684317292.445750;#SYSTEM;0;0;0;0
1684317292.445750;/sys/fs/cgroup/anon.slice/anon_service.service;0;0;0;0
1684317292.445750;/sys/fs/cgroup/test.slice/test;0;0;0;0
1684317293.445065;#SYSTEM;0;0;0;0
1684317293.445065;/sys/fs/cgroup/anon.slice/anon_service.service;0;0;0;0
1684317293.445065;/sys/fs/cgroup/test.slice/test;0;0;0;0
1684317294.444042;#SYSTEM;0;0;0;0
1684317294.444042;/sys/fs/cgroup/anon.slice/anon_service.service;0;0;0;0
1684317294.444042;/sys/fs/cgroup/test.slice/test;0;0;0;0
1684317295.443401;#SYSTEM;0;0;0;0
1684317295.443401;/sys/fs/cgroup/anon.slice/anon_service.service;0;0;0;0
1684317295.443401;/sys/fs/cgroup/test.slice/test;0;0;0;0
1684317296.442427;#SYSTEM;0;0;0;0
1684317296.442427;/sys/fs/cgroup/anon.slice/anon_service.service;0;0;0;0
1684317296.442427;/sys/fs/cgroup/test.slice/test;0;0;0;0
1684317297.441944;#SYSTEM;0;0;0;0
1684317297.441944;/sys/fs/cgroup/anon.slice/anon_service.service;0;0;0;0
1684317297.441944;/sys/fs/cgroup/test.slice/test;0;0;0;0
1684317298.440904;#SYSTEM;0;0;0;0
1684317298.440904;/sys/fs/cgroup/anon.slice/anon_service.service;0;0;0;0
1684317298.440904;/sys/fs/cgroup/test.slice/test;0;0;0;0
1684317299.440195;#SYSTEM;0;0;0;0
1684317299.440195;/sys/fs/cgroup/anon.slice/anon_service.service;0;0;0;0
1684317299.440195;/sys/fs/cgroup/test.slice/test;0;0;0;0
1684317300.439346;#SYSTEM;0;0;0;0
1684317300.439346;/sys/fs/cgroup/anon.slice/anon_service.service;0;0;0;0
1684317300.439346;/sys/fs/cgroup/test.slice/test;0;0;0;0
1684317301.438562;#SYSTEM;0;0;0;0
1684317301.438562;/sys/fs/cgroup/anon.slice/anon_service.service;0;0;0;0
1684317301.438562;/sys/fs/cgroup/test.slice/test;0;0;0;0
1684317302.438165;#SYSTEM;0;0;0;0
1684317302.438165;/sys/fs/cgroup/anon.slice/anon_service.service;0;0;0;0
1684317302.438165;/sys/fs/cgroup/test.slice/test;0;0;0;0
1684317303.437183;#SYSTEM;0;0;0;0
1684317303.437183;/sys/fs/cgroup/anon.slice/anon_service.service;0;0;0;0
1684317303.437183;/sys/fs/cgroup/test.slice/test;0;0;0;0
1684317304.436297;#SYSTEM;0;0;0;0
1684317304.436297;/sys/fs/cgroup/anon.slice/anon_service.service;0;0;0;0
1684317304.436297;/sys/fs/cgroup/test.slice/test;0;0;0;0
1684317305.435767;#SYSTEM;0;0;0;0
1684317305.435767;/sys/fs/cgroup/anon.slice/anon_service.service;0;0;0;0
1684317305.435767;/sys/fs/cgroup/test.slice/test;0;0;0;0
1684317306.434624;#SYSTEM;0;0;0;0
1684317306.434624;/sys/fs/cgroup/anon.slice/anon_service.service;0;0;0;0
1684317306.434624;/sys/fs/cgroup/test.slice/test;0;0;0;0
1684317307.434085;#SYSTEM;0;0;0;0
1684317307.434085;/sys/fs/cgroup/anon.slice/anon_service.service;0;0;0;0
1684317307.434085;/sys/fs/cgroup/test.slice/test;0;0;0;0
1684317308.433077;#SYSTEM;0;0;0;0
1684317308.433077;/sys/fs/cgroup/anon.slice/anon_service.service;0;0;0;0
1684317308.433077;/sys/fs/cgroup/test.slice/test;0;0;0;0
1684317309.432261;#SYSTEM;0;0;0;0
1684317309.432261;/sys/fs/cgroup/anon.slice/anon_service.service;0;0;0;0
1684317309.432261;/sys/fs/cgroup/test.slice/test;0;0;0;0
1684317310.431348;#SYSTEM;0;0;0;0
1684317310.431348;/sys/fs/cgroup/anon.slice/anon_service.service;0;0;0;0
1684317310.431348;/sys/fs/cgroup/test.slice/test;0;0;0;0
1684317311.430796;#SYSTEM;0;0;0;0
1684317311.430796;/sys/fs/cgroup/anon.slice/anon_service.service;0;0;0;0
1684317311.430796;/sys/fs/cgroup/test.slice/test;0;0;0;0
1684317312.429896;#SYSTEM;0;0;0;0
1684317312.429896;/sys/fs/cgroup/anon.slice/anon_service.service;0;0;0;0
1684317312.429896;/sys/fs/cgroup/test.slice/test;0;0;0;0
1684317313.429549;#SYSTEM;0;0;0;0
1684317313.429549;/sys/fs/cgroup/anon.slice/anon_service.service;0;0;0;0
1684317313.429549;/sys/fs/cgroup/test.slice/test;0;0;0;0
1684317314.428443;#SYSTEM;0;0;0;0
1684317314.428443;/sys/fs/cgroup/anon.slice/anon_service.service;0;0;0;0
1684317314.428443;/sys/fs/cgroup/test.slice/test;0;0;0;0
1684317315.427511;#SYSTEM;0;0;0;0
1684317315.427511;/sys/fs/cgroup/anon.slice/anon_service.service;0;0;0;0
1684317315.427511;/sys/fs/cgroup/test.slice/test;0;0;0;0
1684317316.426717;#SYSTEM;0;0;0;0
1684317316.426717;/sys/fs/cgroup/anon.slice/anon_service.service;0;0;0;0
1684317316.426717;/sys/fs/cgroup/test.slice/test;0;0;0;0
1684317317.426115;#SYSTEM;0;0;0;0
1684317317.426115;/sys/fs/cgroup/anon.slice/anon_service.service;0;0;0;0
1684317317.426115;/sys/fs/cgroup/test.slice/test;0;0;0;0
1684317318.425339;#SYSTEM;0;0;0;0
1684317318.425339;/sys/fs/cgroup/anon.slice/anon_service.service;0;0;0;0
1684317318.425339;/sys/fs/cgroup/test.slice/test;0;0;0;0
1684317319.424740;#SYSTEM;0;0;0;0
1684317319.424740;/sys/fs/cgroup/anon.slice/anon_service.service;0;0;0;0
1684317319.424740;/sys/fs/cgroup/test.slice/test;0;0;0;0
1684317320.423573;#SYSTEM;0;0;0;0
1684317320.423573;/sys/fs/cgroup/anon.slice/anon_service.service;0;0;0;0
1684317320.423573;/sys/fs/cgroup/test.slice/test;0;0;0;0
1684317321.422916;#SYSTEM;0;0;0;0
1684317321.422916;/sys/fs/cgroup/anon.slice/anon_service.service;0;0;0;0
1684317321.422916;/sys/fs/cgroup/test.slice/test;0;0;0;0
1684317322.422096;#SYSTEM;0;0;0;0
1684317322.422096;/sys/fs/cgroup/anon.slice/anon_service.service;0;0;0;0
1684317322.422096;/sys/fs/cgroup/test.slice/test;0;0;0;0
1684317323.421391;#SYSTEM;0;0;0;0
1684317323.421391;/sys/fs/cgroup/anon.slice/anon_service.service;0;0;0;0
1684317323.421391;/sys/fs/cgroup/test.slice/test;0;0;0;0
1684317324.420425;#SYSTEM;0;0;0;0
1684317324.420425;/sys/fs/cgroup/anon.slice/anon_service.service;0;0;0;0
1684317324.420425;/sys/fs/cgroup/test.slice/test;0;0;0;0
1684317325.419604;#SYSTEM;0;0;0;0
1684317325.419604;/sys/fs/cgroup/anon.slice/anon_service.service;0;0;0;0
1684317325.419604;/sys/fs/cgroup/test.slice/test;0;0;0;0
1684317326.419277;#SYSTEM;0;0;0;0
1684317326.419277;/sys/fs/cgroup/anon.slice/anon_service.service;0;0;0;0
1684317326.419277;/sys/fs/cgroup/test.slice/test;0;0;0;0
1684317327.418259;#SYSTEM;0;0;0;0
1684317327.418259;/sys/fs/cgroup/anon.slice/anon_service.service;0;0;0;0
1684317327.418259;/sys/fs/cgroup/test.slice/test;0;0;0;0
1684317328.417580;#SYSTEM;0;0;0;0
1684317328.417580;/sys/fs/cgroup/anon.slice/anon_service.service;0;0;0;0
1684317328.417580;/sys/fs/cgroup/test.slice/test;0;0;0;0
1684317329.417150;#SYSTEM;0;0;0;0
1684317329.417150;/sys/fs/cgroup/anon.slice/anon_service.service;0;0;0;0
1684317329.417150;/sys/fs/cgroup/test.slice/test;0;0;0;0
1684317330.415847;#SYSTEM;0;0;0;0
1684317330.415847;/sys/fs/cgroup/anon.slice/anon_service.service;0;0;0;0
1684317330.415847;/sys/fs/cgroup/test.slice/test;0;0;0;0
1684317331.415226;#SYSTEM;0;0;0;0
1684317331.415226;/sys/fs/cgroup/anon.slice/anon_service.service;0;0;0;0
1684317331.415226;/sys/fs/cgroup/test.slice/test;0;0;0;0
1684317332.414267;#SYSTEM;0;0;0;0
1684317332.414267;/sys/fs/cgroup/anon.slice/anon_service.service;0;0;0;0
1684317332.414267;/sys/fs/cgroup/test.slice/test;0;0;0;0
1684317333.413473;#SYSTEM;0;0;0;0
1684317333.413473;/sys/fs/cgroup/anon.slice/anon_service.service;0;0;0;0
1684317333.413473;/sys/fs/cgroup/test.slice/test;0;0;0;0
1684317334.412635;#SYSTEM;0;0;0;0
1684317334.412635;/sys/fs/cgroup/anon.slice/anon_service.service;0;0;0;0
1684317334.412635;/sys/fs/cgroup/test.slice/test;0;0;0;0
1684317335.411846;#SYSTEM;0;0;0;0
1684317335.411846;/sys/fs/cgroup/anon.slice/anon_service.service;0;0;0;0
1684317335.411846;/sys/fs/cgroup/test.slice/test;0;0;0;0
1684317336.411223;#SYSTEM;0;0;0;0
1684317336.411223;/sys/fs/cgroup/anon.slice/anon_service.service;0;0;0;0
1684317336.411223;/sys/fs/cgroup/test.slice/test;0;0;0;0
1684317337.410218;#SYSTEM;0;0;0;0
1684317337.410218;/sys/fs/cgroup/anon.slice/anon_service.service;0;0;0;0
1684317337.410218;/sys/fs/cgroup/test.slice/test;0;0;0;0
1684317338.409408;#SYSTEM;0;0;0;0
1684317338.409408;/sys/fs/cgroup/anon.slice/anon_service.service;0;0;0;0
1684317338.409408;/sys/fs/cgroup/test.slice/test;0;0;0;0
1684317339.408479;#SYSTEM;0;0;0;0
1684317339.408479;/sys/fs/cgroup/anon.slice/anon_service.service;0;0;0;0
1684317339.408479;/sys/fs/cgroup/test.slice/test;0;0;0;0
1684317340.407710;#SYSTEM;0;0;0;0
1684317340.407710;/sys/fs/cgroup/anon.slice/anon_service.service;0;0;0;0
1684317340.407710;/sys/fs/cgroup/test.slice/test;0;0;0;0
1684317341.406923;#SYSTEM;0;0;0;0
1684317341.406923;/sys/fs/cgroup/anon.slice/anon_service.service;0;0;0;0
1684317341.406923;/sys/fs/cgroup/test.slice/test;0;0;0;0
1684317342.406098;#SYSTEM;0;0;0;0
1684317342.406098;/sys/fs/cgroup/anon.slice/anon_service.service;0;0;0;0
1684317342.406098;/sys/fs/cgroup/test.slice/test;0;0;0;0
1684317343.405292;#SYSTEM;0;0;0;0
1684317343.405292;/sys/fs/cgroup/anon.slice/anon_service.service;0;0;0;0
1684317343.405292;/sys/fs/cgroup/test.slice/test;0;0;0;0
1684317344.404536;#SYSTEM;0;0;0;0
1684317344.404536;/sys/fs/cgroup/anon.slice/anon_service.service;0;0;0;0
1684317344.404536;/sys/fs/cgroup/test.slice/test;0;0;0;0
1684317345.403767;#SYSTEM;0;0;0;0
1684317345.403767;/sys/fs/cgroup/anon.slice/anon_service.service;0;0;0;0
1684317345.403767;/sys/fs/cgroup/test.slice/test;0;0;0;0
1684317346.403096;#SYSTEM;0;0;0;0
1684317346.403096;/sys/fs/cgroup/anon.slice/anon_service.service;0;0;0;0
1684317346.403096;/sys/fs/cgroup/test.slice/test;0;0;0;0
1684317347.402206;#SYSTEM;0;0;0;0
1684317347.402206;/sys/fs/cgroup/anon.slice/anon_service.service;0;0;0;0
1684317347.402206;/sys/fs/cgroup/test.slice/test;0;0;0;0
1684317348.401922;#SYSTEM;0;0;0;0
1684317348.401922;/sys/fs/cgroup/anon.slice/anon_service.service;0;0;0;0
1684317348.401922;/sys/fs/cgroup/test.slice/test;0;0;0;0
1684317349.400508;#SYSTEM;0;0;0;0
1684317349.400508;/sys/fs/cgroup/anon.slice/anon_service.service;0;0;0;0
1684317349.400508;/sys/fs/cgroup/test.slice/test;0;0;0;0
1684317350.399907;#SYSTEM;0;0;0;0
1684317350.399907;/sys/fs/cgroup/anon.slice/anon_service.service;0;0;0;0
1684317350.399907;/sys/fs/cgroup/test.slice/test;0;0;0;0
1684317351.399145;#SYSTEM;0;0;0;0
1684317351.399145;/sys/fs/cgroup/anon.slice/anon_service.service;0;0;0;0
1684317351.399145;/sys/fs/cgroup/test.slice/test;0;0;0;0
1684317352.398441;#SYSTEM;0;0;0;0
1684317352.398441;/sys/fs/cgroup/anon.slice/anon_service.service;0;0;0;0
1684317352.398441;/sys/fs/cgroup/test.slice/test;0;0;0;0
1684317353.397503;#SYSTEM;0;0;0;0
1684317353.397503;/sys/fs/cgroup/anon.slice/anon_service.service;0;0;0;0
1684317353.397503;/sys/fs/cgroup/test.slice/test;0;0;0;0
1684317354.396696;#SYSTEM;0;0;0;0
1684317354.396696;/sys/fs/cgroup/anon.slice/anon_service.service;0;0;0;0
1684317354.396696;/sys/fs/cgroup/test.slice/test;0;0;0;0
1684317355.396090;#SYSTEM;0;0;0;0
1684317355.396090;/sys/fs/cgroup/anon.slice/anon_service.service;0;0;0;0
1684317355.396090;/sys/fs/cgroup/test.slice/test;0;0;0;0
1684317356.395394;#SYSTEM;0;0;0;0
1684317356.395394;/sys/fs/cgroup/anon.slice/anon_service.service;0;0;0;0
1684317356.395394;/sys/fs/cgroup/test.slice/test;0;0;0;0
1684317357.394521;#SYSTEM;0;0;0;0
1684317357.394521;/sys/fs/cgroup/anon.slice/anon_service.service;0;0;0;0
1684317357.394521;/sys/fs/cgroup/test.slice/test;0;0;0;0
1684317358.394639;#SYSTEM;0;0;0;0
1684317358.394639;/sys/fs/cgroup/anon.slice/anon_service.service;0;0;0;0
1684317358.394639;/sys/fs/cgroup/test.slice/test;0;0;0;0
1684317359.394153;#SYSTEM;0;0;0;0
1684317359.394153;/sys/fs/cgroup/anon.slice/anon_service.service;0;0;0;0
1684317359.394153;/sys/fs/cgroup/test.slice/test;0;0;0;0
1684317360.394646;#SYSTEM;0;0;0;0
1684317360.394646;/sys/fs/cgroup/anon.slice/anon_service.service;0;0;0;0
1684317360.394646;/sys/fs/cgroup/test.slice/test;0;0;0;0
1684317361.393756;#SYSTEM;0;0;0;0
1684317361.393756;/sys/fs/cgroup/anon.slice/anon_service.service;0;0;0;0
1684317361.393756;/sys/fs/cgroup/test.slice/test;0;0;0;0
1684317362.393030;#SYSTEM;0;0;0;0
1684317362.393030;/sys/fs/cgroup/anon.slice/anon_service.service;0;0;0;0
1684317362.393030;/sys/fs/cgroup/test.slice/test;0;0;0;0
1684317363.392134;#SYSTEM;0;0;0;0
1684317363.392134;/sys/fs/cgroup/anon.slice/anon_service.service;0;0;0;0
1684317363.392134;/sys/fs/cgroup/test.slice/test;0;0;0;0
1684317364.391225;#SYSTEM;0;0;0;0
1684317364.391225;/sys/fs/cgroup/anon.slice/anon_service.service;0;0;0;0
1684317364.391225;/sys/fs/cgroup/test.slice/test;0;0;0;0
1684317365.390494;#SYSTEM;0;0;0;0
1684317365.390494;/sys/fs/cgroup/anon.slice/anon_service.service;0;0;0;0
1684317365.390494;/sys/fs/cgroup/test.slice/test;0;0;0;0
1684317366.389700;#SYSTEM;0;0;0;0
1684317366.389700;/sys/fs/cgroup/anon.slice/anon_service.service;0;0;0;0
1684317366.389700;/sys/fs/cgroup/test.slice/test;0;0;0;0
1684317367.389021;#SYSTEM;0;0;0;0
1684317367.389021;/sys/fs/cgroup/anon.slice/anon_service.service;0;0;0;0
1684317367.389021;/sys/fs/cgroup/test.slice/test;0;0;0;0
1684317368.387994;#SYSTEM;0;0;0;0
1684317368.387994;/sys/fs/cgroup/anon.slice/anon_service.service;0;0;0;0
1684317368.387994;/sys/fs/cgroup/test.slice/test;0;0;0;0
1684317369.386980;#SYSTEM;0;0;0;0
1684317369.386980;/sys/fs/cgroup/anon.slice/anon_service.service;0;0;0;0
1684317369.386980;/sys/fs/cgroup/test.slice/test;0;0;0;0
1684317370.386159;#SYSTEM;0;0;0;0
1684317370.386159;/sys/fs/cgroup/anon.slice/anon_service.service;0;0;0;0
1684317370.386159;/sys/fs/cgroup/test.slice/test;0;0;0;0
1684317371.387116;#SYSTEM;0;0;0;0
1684317371.387116;/sys/fs/cgroup/anon.slice/anon_service.service;0;0;0;0
1684317371.387116;/sys/fs/cgroup/test.slice/test;0;0;0;0
1684317372.386486;#SYSTEM;0;0;0;0
1684317372.386486;/sys/fs/cgroup/anon.slice/anon_service.service;0;0;0;0
1684317372.386486;/sys/fs/cgroup/test.slice/test;0;0;0;0
1684317373.385546;#SYSTEM;0;0;0;0
1684317373.385546;/sys/fs/cgroup/anon.slice/anon_service.service;0;0;0;0
1684317373.385546;/sys/fs/cgroup/test.slice/test;0;0;0;0
1684317374.384753;#SYSTEM;0;0;0;0
1684317374.384753;/sys/fs/cgroup/anon.slice/anon_service.service;0;0;0;0
1684317374.384753;/sys/fs/cgroup/test.slice/test;0;0;0;0
1684317375.384101;#SYSTEM;0;0;0;0
1684317375.384101;/sys/fs/cgroup/anon.slice/anon_service.service;0;0;0;0
1684317375.384101;/sys/fs/cgroup/test.slice/test;0;0;0;0
1684317376.383307;#SYSTEM;0;0;0;0
1684317376.383307;/sys/fs/cgroup/anon.slice/anon_service.service;0;0;0;0
1684317376.383307;/sys/fs/cgroup/test.slice/test;0;0;0;0
1684317377.382499;#SYSTEM;0;0;0;0
1684317377.382499;/sys/fs/cgroup/anon.slice/anon_service.service;0;0;0;0
1684317377.382499;/sys/fs/cgroup/test.slice/test;0;0;0;0
1684317378.381842;#SYSTEM;0;0;0;0
1684317378.381842;/sys/fs/cgroup/anon.slice/anon_service.service;0;0;0;0
1684317378.381842;/sys/fs/cgroup/test.slice/test;0;0;0;0
1684317379.381123;#SYSTEM;0;0;0;0
1684317379.381123;/sys/fs/cgroup/anon.slice/anon_service.service;0;0;0;0
1684317379.381123;/sys/fs/cgroup/test.slice/test;0;0;0;0
1684317380.380184;#SYSTEM;0;0;0;0
1684317380.380184;/sys/fs/cgroup/anon.slice/anon_service.service;0;0;0;0
1684317380.380184;/sys/fs/cgroup/test.slice/test;0;0;0;0
1684317381.379490;#SYSTEM;0;0;0;0
1684317381.379490;/sys/fs/cgroup/anon.slice/anon_service.service;0;0;0;0
1684317381.379490;/sys/fs/cgroup/test.slice/test;0;0;0;0
1684317382.380238;#SYSTEM;0;0;0;0
1684317382.380238;/sys/fs/cgroup/anon.slice/anon_service.service;0;0;0;0
1684317382.380238;/sys/fs/cgroup/test.slice/test;0;0;0;0
1684317383.379878;#SYSTEM;0;0;0;0
1684317383.379878;/sys/fs/cgroup/anon.slice/anon_service.service;0;0;0;0
1684317383.379878;/sys/fs/cgroup/test.slice/test;0;0;0;0
1684317384.378771;#SYSTEM;0;0;0;0
1684317384.378771;/sys/fs/cgroup/anon.slice/anon_service.service;0;0;0;0
1684317384.378771;/sys/fs/cgroup/test.slice/test;0;0;0;0
1684317385.378069;#SYSTEM;0;0;0;0
1684317385.378069;/sys/fs/cgroup/anon.slice/anon_service.service;0;0;0;0
1684317385.378069;/sys/fs/cgroup/test.slice/test;0;0;0;0
1684317386.377286;#SYSTEM;0;0;0;0
1684317386.377286;/sys/fs/cgroup/anon.slice/anon_service.service;0;0;0;0
1684317386.377286;/sys/fs/cgroup/test.slice/test;0;0;0;0
1684317387.376287;#SYSTEM;0;0;0;0
1684317387.376287;/sys/fs/cgroup/anon.slice/anon_service.service;0;0;0;0
1684317387.376287;/sys/fs/cgroup/test.slice/test;0;0;0;0
1684317388.375696;#SYSTEM;0;0;0;0
1684317388.375696;/sys/fs/cgroup/anon.slice/anon_service.service;0;0;0;0
1684317388.375696;/sys/fs/cgroup/test.slice/test;0;0;0;0
1684317389.374619;#SYSTEM;0;0;0;0
1684317389.374619;/sys/fs/cgroup/anon.slice/anon_service.service;0;0;0;0
1684317389.374619;/sys/fs/cgroup/test.slice/test;0;0;0;0
1684317390.373809;#SYSTEM;0;0;0;0
1684317390.373809;/sys/fs/cgroup/anon.slice/anon_service.service;0;0;0;0
1684317390.373809;/sys/fs/cgroup/test.slice/test;0;0;0;0
1684317391.372983;#SYSTEM;0;0;0;0
1684317391.372983;/sys/fs/cgroup/anon.slice/anon_service.service;0;0;0;0
1684317391.372983;/sys/fs/cgroup/test.slice/test;0;0;0;0
1684317392.372176;#SYSTEM;0;0;0;0
1684317392.372176;/sys/fs/cgroup/anon.slice/anon_service.service;0;0;0;0
1684317392.372176;/sys/fs/cgroup/test.slice/test;0;0;0;0
1684317393.373854;#SYSTEM;0;0;0;0
1684317393.373854;/sys/fs/cgroup/anon.slice/anon_service.service;0;0;0;0
1684317393.373854;/sys/fs/cgroup/test.slice/test;0;0;0;0
1684317394.373067;#SYSTEM;0;0;0;0
1684317394.373067;/sys/fs/cgroup/anon.slice/anon_service.service;0;0;0;0
1684317394.373067;/sys/fs/cgroup/test.slice/test;0;0;0;0
1684317395.372197;#SYSTEM;0;0;0;0
1684317395.372197;/sys/fs/cgroup/anon.slice/anon_service.service;0;0;0;0
1684317395.372197;/sys/fs/cgroup/test.slice/test;0;0;0;0
1684317396.371452;#SYSTEM;0;0;0;0
1684317396.371452;/sys/fs/cgroup/anon.slice/anon_service.service;0;0;0;0
1684317396.371452;/sys/fs/cgroup/test.slice/test;0;0;0;0
1684317397.370742;#SYSTEM;0;0;0;0
1684317397.370742;/sys/fs/cgroup/anon.slice/anon_service.service;0;0;0;0
1684317397.370742;/sys/fs/cgroup/test.slice/test;0;0;0;0
1684317398.369811;#SYSTEM;0;0;0;0
1684317398.369811;/sys/fs/cgroup/anon.slice/anon_service.service;0;0;0;0
1684317398.369811;/sys/fs/cgroup/test.slice/test;0;0;0;0
1684317399.368942;#SYSTEM;0;0;0;0
1684317399.368942;/sys/fs/cgroup/anon.slice/anon_service.service;0;0;0;0
1684317399.368942;/sys/fs/cgroup/test.slice/test;0;0;0;0
1684317400.368294;#SYSTEM;0;0;0;0
1684317400.368294;/sys/fs/cgroup/anon.slice/anon_service.service;0;0;0;0
1684317400.368294;/sys/fs/cgroup/test.slice/test;0;0;0;0
1684317401.367272;#SYSTEM;0;0;0;0
1684317401.367272;/sys/fs/cgroup/anon.slice/anon_service.service;0;0;0;0
1684317401.367272;/sys/fs/cgroup/test.slice/test;0;0;0;0
1684317402.366373;#SYSTEM;0;0;0;0
1684317402.366373;/sys/fs/cgroup/anon.slice/anon_service.service;0;0;0;0
1684317402.366373;/sys/fs/cgroup/test.slice/test;0;0;0;0
1684317403.365528;#SYSTEM;0;0;0;0
1684317403.365528;/sys/fs/cgroup/anon.slice/anon_service.service;0;0;0;0
1684317403.365528;/sys/fs/cgroup/test.slice/test;0;0;0;0
1684317404.404653;#SYSTEM;0;0;0;0
1684317404.404653;/sys/fs/cgroup/anon.slice/anon_service.service;0;0;0;0
1684317404.404653;/sys/fs/cgroup/test.slice/test;0;0;0;0
1684317405.454112;#SYSTEM;0;0;0;0
1684317405.454112;/sys/fs/cgroup/anon.slice/anon_service.service;0;0;0;0
1684317405.454112;/sys/fs/cgroup/test.slice/test;0;0;0;0
1684317406.463277;#SYSTEM;0;0;0;0
1684317406.463277;/sys/fs/cgroup/anon.slice/anon_service.service;0;0;0;0
1684317406.463277;/sys/fs/cgroup/test.slice/test;0;0;0;0
1684317407.462601;#SYSTEM;0;0;0;0
1684317407.462601;/sys/fs/cgroup/anon.slice/anon_service.service;0;0;0;0
1684317407.462601;/sys/fs/cgroup/test.slice/test;0;0;0;0
1684317408.461619;#SYSTEM;0;0;0;0
1684317408.461619;/sys/fs/cgroup/anon.slice/anon_service.service;0;0;0;0
1684317408.461619;/sys/fs/cgroup/test.slice/test;0;0;0;0
1684317409.460716;#SYSTEM;0;0;0;0
1684317409.460716;/sys/fs/cgroup/anon.slice/anon_service.service;0;0;0;0
1684317409.460716;/sys/fs/cgroup/test.slice/test;0;0;0;0
1684317410.459884;#SYSTEM;0;0;0;0
1684317410.459884;/sys/fs/cgroup/anon.slice/anon_service.service;0;0;0;0
1684317410.459884;/sys/fs/cgroup/test.slice/test;0;0;0;0
1684317411.459187;#SYSTEM;0;0;0;0
1684317411.459187;/sys/fs/cgroup/anon.slice/anon_service.service;0;0;0;0
1684317411.459187;/sys/fs/cgroup/test.slice/test;0;0;0;0
1684317412.458256;#SYSTEM;0;0;0;0
1684317412.458256;/sys/fs/cgroup/anon.slice/anon_service.service;0;0;0;0
1684317412.458256;/sys/fs/cgroup/test.slice/test;0;0;0;0
1684317413.457546;#SYSTEM;0;0;0;0
1684317413.457546;/sys/fs/cgroup/anon.slice/anon_service.service;0;0;0;0
1684317413.457546;/sys/fs/cgroup/test.slice/test;0;0;0;0
1684317414.456619;#SYSTEM;0;0;0;0
1684317414.456619;/sys/fs/cgroup/anon.slice/anon_service.service;0;0;0;0
1684317414.456619;/sys/fs/cgroup/test.slice/test;0;0;0;0
1684317415.458042;#SYSTEM;0;0;0;0
1684317415.458042;/sys/fs/cgroup/anon.slice/anon_service.service;0;0;0;0
1684317415.458042;/sys/fs/cgroup/test.slice/test;0;0;0;0
1684317416.457304;#SYSTEM;0;0;0;0
1684317416.457304;/sys/fs/cgroup/anon.slice/anon_service.service;0;0;0;0
1684317416.457304;/sys/fs/cgroup/test.slice/test;0;0;0;0
1684317417.456420;#SYSTEM;0;0;0;0
1684317417.456420;/sys/fs/cgroup/anon.slice/anon_service.service;0;0;0;0
1684317417.456420;/sys/fs/cgroup/test.slice/test;0;0;0;0
1684317418.455783;#SYSTEM;0;0;0;0
1684317418.455783;/sys/fs/cgroup/anon.slice/anon_service.service;0;0;0;0
1684317418.455783;/sys/fs/cgroup/test.slice/test;0;0;0;0
1684317419.454810;#SYSTEM;0;0;0;0
1684317419.454810;/sys/fs/cgroup/anon.slice/anon_service.service;0;0;0;0
1684317419.454810;/sys/fs/cgroup/test.slice/test;0;0;0;0
1684317420.454417;#SYSTEM;0;0;0;0
1684317420.454417;/sys/fs/cgroup/anon.slice/anon_service.service;0;0;0;0
1684317420.454417;/sys/fs/cgroup/test.slice/test;0;0;0;0
1684317421.453367;#SYSTEM;0;0;0;0
1684317421.453367;/sys/fs/cgroup/anon.slice/anon_service.service;0;0;0;0
1684317421.453367;/sys/fs/cgroup/test.slice/test;0;0;0;0
1684317422.452662;#SYSTEM;0;0;0;0
1684317422.452662;/sys/fs/cgroup/anon.slice/anon_service.service;0;0;0;0
1684317422.452662;/sys/fs/cgroup/test.slice/test;0;0;0;0
1684317423.451739;#SYSTEM;0;0;0;0
1684317423.451739;/sys/fs/cgroup/anon.slice/anon_service.service;0;0;0;0
1684317423.451739;/sys/fs/cgroup/test.slice/test;0;0;0;0
1684317424.450966;#SYSTEM;0;0;0;0
1684317424.450966;/sys/fs/cgroup/anon.slice/anon_service.service;0;0;0;0
1684317424.450966;/sys/fs/cgroup/test.slice/test;0;0;0;0
1684317425.450110;#SYSTEM;0;0;0;0
1684317425.450110;/sys/fs/cgroup/anon.slice/anon_service.service;0;0;0;0
1684317425.450110;/sys/fs/cgroup/test.slice/test;0;0;0;0
1684317426.449301;#SYSTEM;0;0;0;0
1684317426.449301;/sys/fs/cgroup/anon.slice/anon_service.service;0;0;0;0
1684317426.449301;/sys/fs/cgroup/test.slice/test;0;0;0;0
1684317427.448590;#SYSTEM;0;0;0;0
1684317427.448590;/sys/fs/cgroup/anon.slice/anon_service.service;0;0;0;0
1684317427.448590;/sys/fs/cgroup/test.slice/test;0;0;0;0
1684317428.447737;#SYSTEM;0;0;0;0
1684317428.447737;/sys/fs/cgroup/anon.slice/anon_service.service;0;0;0;0
1684317428.447737;/sys/fs/cgroup/test.slice/test;0;0;0;0
1684317429.446951;#SYSTEM;0;0;0;0
1684317429.446951;/sys/fs/cgroup/anon.slice/anon_service.service;0;0;0;0
1684317429.446951;/sys/fs/cgroup/test.slice/test;0;0;0;0
1684317430.446049;#SYSTEM;0;0;0;0
1684317430.446049;/sys/fs/cgroup/anon.slice/anon_service.service;0;0;0;0
1684317430.446049;/sys/fs/cgroup/test.slice/test;0;0;0;0
1684317431.445304;#SYSTEM;0;0;0;0
1684317431.445304;/sys/fs/cgroup/anon.slice/anon_service.service;0;0;0;0
1684317431.445304;/sys/fs/cgroup/test.slice/test;0;0;0;0
1684317432.444423;#SYSTEM;0;0;0;0
1684317432.444423;/sys/fs/cgroup/anon.slice/anon_service.service;0;0;0;0
1684317432.444423;/sys/fs/cgroup/test.slice/test;0;0;0;0
1684317433.446151;#SYSTEM;0;0;0;0
1684317433.446151;/sys/fs/cgroup/anon.slice/anon_service.service;0;0;0;0
1684317433.446151;/sys/fs/cgroup/test.slice/test;0;0;0;0
1684317434.445466;#SYSTEM;0;0;0;0
1684317434.445466;/sys/fs/cgroup/anon.slice/anon_service.service;0;0;0;0
1684317434.445466;/sys/fs/cgroup/test.slice/test;0;0;0;0
1684317435.444599;#SYSTEM;0;0;0;0
1684317435.444599;/sys/fs/cgroup/anon.slice/anon_service.service;0;0;0;0
1684317435.444599;/sys/fs/cgroup/test.slice/test;0;0;0;0
1684317436.443861;#SYSTEM;0;0;0;0
1684317436.443861;/sys/fs/cgroup/anon.slice/anon_service.service;0;0;0;0
1684317436.443861;/sys/fs/cgroup/test.slice/test;0;0;0;0
1684317437.443036;#SYSTEM;0;0;0;0
1684317437.443036;/sys/fs/cgroup/anon.slice/anon_service.service;0;0;0;0
1684317437.443036;/sys/fs/cgroup/test.slice/test;0;0;0;0
1684317438.442290;#SYSTEM;0;0;0;0
1684317438.442290;/sys/fs/cgroup/anon.slice/anon_service.service;0;0;0;0
1684317438.442290;/sys/fs/cgroup/test.slice/test;0;0;0;0
1684317439.441533;#SYSTEM;0;0;0;0
1684317439.441533;/sys/fs/cgroup/anon.slice/anon_service.service;0;0;0;0
1684317439.441533;/sys/fs/cgroup/test.slice/test;0;0;0;0
1684317440.440820;#SYSTEM;0;0;0;0
1684317440.440820;/sys/fs/cgroup/anon.slice/anon_service.service;0;0;0;0
1684317440.440820;/sys/fs/cgroup/test.slice/test;0;0;0;0
1684317441.440061;#SYSTEM;0;0;0;0
1684317441.440061;/sys/fs/cgroup/anon.slice/anon_service.service;0;0;0;0
1684317441.440061;/sys/fs/cgroup/test.slice/test;0;0;0;0
1684317442.439224;#SYSTEM;0;0;0;0
1684317442.439224;/sys/fs/cgroup/anon.slice/anon_service.service;0;0;0;0
1684317442.439224;/sys/fs/cgroup/test.slice/test;0;0;0;0
1684317443.438568;#SYSTEM;0;0;0;0
1684317443.438568;/sys/fs/cgroup/anon.slice/anon_service.service;0;0;0;0
1684317443.438568;/sys/fs/cgroup/test.slice/test;0;0;0;0
1684317444.441081;#SYSTEM;0;0;0;0
1684317444.441081;/sys/fs/cgroup/anon.slice/anon_service.service;0;0;0;0
1684317444.441081;/sys/fs/cgroup/test.slice/test;0;0;0;0
1684317445.440193;#SYSTEM;0;0;0;0
1684317445.440193;/sys/fs/cgroup/anon.slice/anon_service.service;0;0;0;0
1684317445.440193;/sys/fs/cgroup/test.slice/test;0;0;0;0
1684317446.439487;#SYSTEM;0;0;0;0
1684317446.439487;/sys/fs/cgroup/anon.slice/anon_service.service;0;0;0;0
1684317446.439487;/sys/fs/cgroup/test.slice/test;0;0;0;0
1684317447.438735;#SYSTEM;0;0;0;0
1684317447.438735;/sys/fs/cgroup/anon.slice/anon_service.service;0;0;0;0
1684317447.438735;/sys/fs/cgroup/test.slice/test;0;0;0;0
1684317448.438064;#SYSTEM;0;0;0;0
1684317448.438064;/sys/fs/cgroup/anon.slice/anon_service.service;0;0;0;0
1684317448.438064;/sys/fs/cgroup/test.slice/test;0;0;0;0
1684317449.437010;#SYSTEM;0;0;0;0
1684317449.437010;/sys/fs/cgroup/anon.slice/anon_service.service;0;0;0;0
1684317449.437010;/sys/fs/cgroup/test.slice/test;0;0;0;0
1684317450.436124;#SYSTEM;0;0;0;0
1684317450.436124;/sys/fs/cgroup/anon.slice/anon_service.service;0;0;0;0
1684317450.436124;/sys/fs/cgroup/test.slice/test;0;0;0;0
1684317451.435287;#SYSTEM;0;0;0;0
1684317451.435287;/sys/fs/cgroup/anon.slice/anon_service.service;0;0;0;0
1684317451.435287;/sys/fs/cgroup/test.slice/test;0;0;0;0
1684317452.434448;#SYSTEM;0;0;0;0
1684317452.434448;/sys/fs/cgroup/anon.slice/anon_service.service;0;0;0;0
1684317452.434448;/sys/fs/cgroup/test.slice/test;0;0;0;0
1684317453.433783;#SYSTEM;0;0;0;0
1684317453.433783;/sys/fs/cgroup/anon.slice/anon_service.service;0;0;0;0
1684317453.433783;/sys/fs/cgroup/test.slice/test;0;0;0;0
1684317454.432720;#SYSTEM;0;0;0;0
1684317454.432720;/sys/fs/cgroup/anon.slice/anon_service.service;0;0;0;0
1684317454.432720;/sys/fs/cgroup/test.slice/test;0;0;0;0
1684317455.432144;#SYSTEM;0;0;0;0
1684317455.432144;/sys/fs/cgroup/anon.slice/anon_service.service;0;0;0;0
1684317455.432144;/sys/fs/cgroup/test.slice/test;0;0;0;0
1684317456.431163;#SYSTEM;0;0;0;0
1684317456.431163;/sys/fs/cgroup/anon.slice/anon_service.service;0;0;0;0
1684317456.431163;/sys/fs/cgroup/test.slice/test;0;0;0;0
1684317457.430423;#SYSTEM;0;0;0;0
1684317457.430423;/sys/fs/cgroup/anon.slice/anon_service.service;0;0;0;0
1684317457.430423;/sys/fs/cgroup/test.slice/test;0;0;0;0
1684317458.429571;#SYSTEM;0;0;0;0
1684317458.429571;/sys/fs/cgroup/anon.slice/anon_service.service;0;0;0;0
1684317458.429571;/sys/fs/cgroup/test.slice/test;0;0;0;0
1684317459.428995;#SYSTEM;0;0;0;0
1684317459.428995;/sys/fs/cgroup/anon.slice/anon_service.service;0;0;0;0
1684317459.428995;/sys/fs/cgroup/test.slice/test;0;0;0;0
1684317460.428104;#SYSTEM;0;0;0;0
1684317460.428104;/sys/fs/cgroup/anon.slice/anon_service.service;0;0;0;0
1684317460.428104;/sys/fs/cgroup/test.slice/test;0;0;0;0
1684317461.427402;#SYSTEM;0;0;0;0
1684317461.427402;/sys/fs/cgroup/anon.slice/anon_service.service;0;0;0;0
1684317461.427402;/sys/fs/cgroup/test.slice/test;0;0;0;0
1684317462.426529;#SYSTEM;0;0;0;0
1684317462.426529;/sys/fs/cgroup/anon.slice/anon_service.service;0;0;0;0
1684317462.426529;/sys/fs/cgroup/test.slice/test;0;0;0;0
1684317463.425989;#SYSTEM;0;0;0;0
1684317463.425989;/sys/fs/cgroup/anon.slice/anon_service.service;0;0;0;0
1684317463.425989;/sys/fs/cgroup/test.slice/test;0;0;0;0
1684317464.425297;#SYSTEM;0;0;0;0
1684317464.425297;/sys/fs/cgroup/anon.slice/anon_service.service;0;0;0;0
1684317464.425297;/sys/fs/cgroup/test.slice/test;0;0;0;0
1684317465.424081;#SYSTEM;0;0;0;0
1684317465.424081;/sys/fs/cgroup/anon.slice/anon_service.service;0;0;0;0
1684317465.424081;/sys/fs/cgroup/test.slice/test;0;0;0;0
1684317466.423303;#SYSTEM;0;0;0;0
1684317466.423303;/sys/fs/cgroup/anon.slice/anon_service.service;0;0;0;0
1684317466.423303;/sys/fs/cgroup/test.slice/test;0;0;0;0
1684317467.422504;#SYSTEM;0;0;0;0
1684317467.422504;/sys/fs/cgroup/anon.slice/anon_service.service;0;0;0;0
1684317467.422504;/sys/fs/cgroup/test.slice/test;0;0;0;0
1684317468.421683;#SYSTEM;0;0;0;0
1684317468.421683;/sys/fs/cgroup/anon.slice/anon_service.service;0;0;0;0
1684317468.421683;/sys/fs/cgroup/test.slice/test;0;0;0;0
1684317469.420833;#SYSTEM;0;0;0;0
1684317469.420833;/sys/fs/cgroup/anon.slice/anon_service.service;0;0;0;0
1684317469.420833;/sys/fs/cgroup/test.slice/test;0;0;0;0
1684317470.419963;#SYSTEM;0;0;0;0
1684317470.419963;/sys/fs/cgroup/anon.slice/anon_service.service;0;0;0;0
1684317470.419963;/sys/fs/cgroup/test.slice/test;0;0;0;0
1684317471.419306;#SYSTEM;0;0;0;0
1684317471.419306;/sys/fs/cgroup/anon.slice/anon_service.service;0;0;0;0
1684317471.419306;/sys/fs/cgroup/test.slice/test;0;0;0;0
1684317472.418885;#SYSTEM;0;0;0;0
1684317472.418885;/sys/fs/cgroup/anon.slice/anon_service.service;0;0;0;0
1684317472.418885;/sys/fs/cgroup/test.slice/test;0;0;0;0
1684317473.418075;#SYSTEM;0;0;0;0
1684317473.418075;/sys/fs/cgroup/anon.slice/anon_service.service;0;0;0;0
1684317473.418075;/sys/fs/cgroup/test.slice/test;0;0;0;0
1684317474.417093;#SYSTEM;0;0;0;0
1684317474.417093;/sys/fs/cgroup/anon.slice/anon_service.service;0;0;0;0
1684317474.417093;/sys/fs/cgroup/test.slice/test;0;0;0;0
1684317475.416344;#SYSTEM;0;0;0;0
1684317475.416344;/sys/fs/cgroup/anon.slice/anon_service.service;0;0;0;0
1684317475.416344;/sys/fs/cgroup/test.slice/test;0;0;0;0
1684317476.415731;#SYSTEM;0;0;0;0
1684317476.415731;/sys/fs/cgroup/anon.slice/anon_service.service;0;0;0;0
1684317476.415731;/sys/fs/cgroup/test.slice/test;0;0;0;0
1684317477.414595;#SYSTEM;0;0;0;0
1684317477.414595;/sys/fs/cgroup/anon.slice/anon_service.service;0;0;0;0
1684317477.414595;/sys/fs/cgroup/test.slice/test;0;0;0;0
1684317478.414121;#SYSTEM;0;0;0;0
1684317478.414121;/sys/fs/cgroup/anon.slice/anon_service.service;0;0;0;0
1684317478.414121;/sys/fs/cgroup/test.slice/test;0;0;0;0
1684317479.412992;#SYSTEM;0;0;0;0
1684317479.412992;/sys/fs/cgroup/anon.slice/anon_service.service;0;0;0;0
1684317479.412992;/sys/fs/cgroup/test.slice/test;0;0;0;0
1684317480.412199;#SYSTEM;0;0;0;0
1684317480.412199;/sys/fs/cgroup/anon.slice/anon_service.service;0;0;0;0
1684317480.412199;/sys/fs/cgroup/test.slice/test;0;0;0;0
1684317481.411527;#SYSTEM;0;0;0;0
1684317481.411527;/sys/fs/cgroup/anon.slice/anon_service.service;0;0;0;0
1684317481.411527;/sys/fs/cgroup/test.slice/test;0;0;0;0
1684317482.410880;#SYSTEM;0;0;0;0
1684317482.410880;/sys/fs/cgroup/anon.slice/anon_service.service;0;0;0;0
1684317482.410880;/sys/fs/cgroup/test.slice/test;0;0;0;0
1684317483.409955;#SYSTEM;0;0;0;0
1684317483.409955;/sys/fs/cgroup/anon.slice/anon_service.service;0;0;0;0
1684317483.409955;/sys/fs/cgroup/test.slice/test;0;0;0;0
1684317484.409166;#SYSTEM;0;0;0;0
1684317484.409166;/sys/fs/cgroup/anon.slice/anon_service.service;0;0;0;0
1684317484.409166;/sys/fs/cgroup/test.slice/test;0;0;0;0
1684317485.408518;#SYSTEM;0;0;0;0
1684317485.408518;/sys/fs/cgroup/anon.slice/anon_service.service;0;0;0;0
1684317485.408518;/sys/fs/cgroup/test.slice/test;0;0;0;0
1684317486.407796;#SYSTEM;0;0;0;0
1684317486.407796;/sys/fs/cgroup/anon.slice/anon_service.service;0;0;0;0
1684317486.407796;/sys/fs/cgroup/test.slice/test;0;0;0;0
1684317487.406759;#SYSTEM;0;0;0;0
1684317487.406759;/sys/fs/cgroup/anon.slice/anon_service.service;0;0;0;0
1684317487.406759;/sys/fs/cgroup/test.slice/test;0;0;0;0
1684317488.406333;#SYSTEM;0;0;0;0
1684317488.406333;/sys/fs/cgroup/anon.slice/anon_service.service;0;0;0;0
1684317488.406333;/sys/fs/cgroup/test.slice/test;0;0;0;0
1684317489.405271;#SYSTEM;0;0;0;0
1684317489.405271;/sys/fs/cgroup/anon.slice/anon_service.service;0;0;0;0
1684317489.405271;/sys/fs/cgroup/test.slice/test;0;0;0;0
1684317490.404492;#SYSTEM;0;0;0;0
1684317490.404492;/sys/fs/cgroup/anon.slice/anon_service.service;0;0;0;0
1684317490.404492;/sys/fs/cgroup/test.slice/test;0;0;0;0
1684317491.403959;#SYSTEM;0;0;0;0
1684317491.403959;/sys/fs/cgroup/anon.slice/anon_service.service;0;0;0;0
1684317491.403959;/sys/fs/cgroup/test.slice/test;0;0;0;0
1684317492.403309;#SYSTEM;0;0;0;0
1684317492.403309;/sys/fs/cgroup/anon.slice/anon_service.service;0;0;0;0
1684317492.403309;/sys/fs/cgroup/test.slice/test;0;0;0;0
1684317493.402225;#SYSTEM;0;0;0;0
1684317493.402225;/sys/fs/cgroup/anon.slice/anon_service.service;0;0;0;0
1684317493.402225;/sys/fs/cgroup/test.slice/test;0;0;0;0
1684317494.401367;#SYSTEM;0;0;0;0
1684317494.401367;/sys/fs/cgroup/anon.slice/anon_service.service;0;0;0;0
1684317494.401367;/sys/fs/cgroup/test.slice/test;0;0;0;0
1684317495.400539;#SYSTEM;0;0;0;0
1684317495.400539;/sys/fs/cgroup/anon.slice/anon_service.service;0;0;0;0
1684317495.400539;/sys/fs/cgroup/test.slice/test;0;0;0;0
1684317496.399732;#SYSTEM;0;0;0;0
1684317496.399732;/sys/fs/cgroup/anon.slice/anon_service.service;0;0;0;0
1684317496.399732;/sys/fs/cgroup/test.slice/test;0;0;0;0
1684317497.398931;#SYSTEM;0;0;0;0
1684317497.398931;/sys/fs/cgroup/anon.slice/anon_service.service;0;0;0;0
1684317497.398931;/sys/fs/cgroup/test.slice/test;0;0;0;0
1684317498.398364;#SYSTEM;0;0;0;0
1684317498.398364;/sys/fs/cgroup/anon.slice/anon_service.service;0;0;0;0
1684317498.398364;/sys/fs/cgroup/test.slice/test;0;0;0;0
1684317499.397316;#SYSTEM;0;0;0;0
1684317499.397316;/sys/fs/cgroup/anon.slice/anon_service.service;0;0;0;0
1684317499.397316;/sys/fs/cgroup/test.slice/test;0;0;0;0
1684317500.396826;#SYSTEM;0;0;0;0
1684317500.396826;/sys/fs/cgroup/anon.slice/anon_service.service;0;0;0;0
1684317500.396826;/sys/fs/cgroup/test.slice/test;0;0;0;0
1684317501.395809;#SYSTEM;0;0;0;0
1684317501.395809;/sys/fs/cgroup/anon.slice/anon_service.service;0;0;0;0
1684317501.395809;/sys/fs/cgroup/test.slice/test;0;0;0;0
1684317502.395129;#SYSTEM;0;0;0;0
1684317502.395129;/sys/fs/cgroup/anon.slice/anon_service.service;0;0;0;0
1684317502.395129;/sys/fs/cgroup/test.slice/test;0;0;0;0
1684317503.394139;#SYSTEM;0;0;0;0
1684317503.394139;/sys/fs/cgroup/anon.slice/anon_service.service;0;0;0;0
1684317503.394139;/sys/fs/cgroup/test.slice/test;0;0;0;0
1684317504.393469;#SYSTEM;0;0;0;0
1684317504.393469;/sys/fs/cgroup/anon.slice/anon_service.service;0;0;0;0
1684317504.393469;/sys/fs/cgroup/test.slice/test;0;0;0;0
1684317505.392549;#SYSTEM;0;0;0;0
1684317505.392549;/sys/fs/cgroup/anon.slice/anon_service.service;0;0;0;0
1684317505.392549;/sys/fs/cgroup/test.slice/test;0;0;0;0
1684317506.391926;#SYSTEM;0;0;0;0
1684317506.391926;/sys/fs/cgroup/anon.slice/anon_service.service;0;0;0;0
1684317506.391926;/sys/fs/cgroup/test.slice/test;0;0;0;0
1684317507.391204;#SYSTEM;0;0;0;0
1684317507.391204;/sys/fs/cgroup/anon.slice/anon_service.service;0;0;0;0
1684317507.391204;/sys/fs/cgroup/test.slice/test;0;0;0;0
1684317508.390528;#SYSTEM;0;0;0;0
1684317508.390528;/sys/fs/cgroup/anon.slice/anon_service.service;0;0;0;0
1684317508.390528;/sys/fs/cgroup/test.slice/test;0;0;0;0
1684317509.389673;#SYSTEM;0;0;0;0
1684317509.389673;/sys/fs/cgroup/anon.slice/anon_service.service;0;0;0;0
1684317509.389673;/sys/fs/cgroup/test.slice/test;0;0;0;0
1684317510.388684;#SYSTEM;0;0;0;0
1684317510.388684;/sys/fs/cgroup/anon.slice/anon_service.service;0;0;0;0
1684317510.388684;/sys/fs/cgroup/test.slice/test;0;0;0;0
1684317511.387963;#SYSTEM;0;0;0;0
1684317511.387963;/sys/fs/cgroup/anon.slice/anon_service.service;0;0;0;0
1684317511.387963;/sys/fs/cgroup/test.slice/test;0;0;0;0
1684317512.387051;#SYSTEM;0;0;0;0
1684317512.387051;/sys/fs/cgroup/anon.slice/anon_service.service;0;0;0;0
1684317512.387051;/sys/fs/cgroup/test.slice/test;0;0;0;0
1684317513.386220;#SYSTEM;0;0;0;0
1684317513.386220;/sys/fs/cgroup/anon.slice/anon_service.service;0;0;0;0
1684317513.386220;/sys/fs/cgroup/test.slice/test;0;0;0;0
1684317514.385411;#SYSTEM;0;0;0;0
1684317514.385411;/sys/fs/cgroup/anon.slice/anon_service.service;0;0;0;0
1684317514.385411;/sys/fs/cgroup/test.slice/test;0;0;0;0
1684317515.384794;#SYSTEM;0;0;0;0
1684317515.384794;/sys/fs/cgroup/anon.slice/anon_service.service;0;0;0;0
1684317515.384794;/sys/fs/cgroup/test.slice/test;0;0;0;0
1684317516.383774;#SYSTEM;0;0;0;0
1684317516.383774;/sys/fs/cgroup/anon.slice/anon_service.service;0;0;0;0
1684317516.383774;/sys/fs/cgroup/test.slice/test;0;0;0;0
1684317517.382958;#SYSTEM;0;0;0;0
1684317517.382958;/sys/fs/cgroup/anon.slice/anon_service.service;0;0;0;0
1684317517.382958;/sys/fs/cgroup/test.slice/test;0;0;0;0
1684317518.382147;#SYSTEM;0;0;0;0
1684317518.382147;/sys/fs/cgroup/anon.slice/anon_service.service;0;0;0;0
1684317518.382147;/sys/fs/cgroup/test.slice/test;0;0;0;0
1684317519.381345;#SYSTEM;0;0;0;0
1684317519.381345;/sys/fs/cgroup/anon.slice/anon_service.service;0;0;0;0
1684317519.381345;/sys/fs/cgroup/test.slice/test;0;0;0;0
1684317520.380508;#SYSTEM;0;0;0;0
1684317520.380508;/sys/fs/cgroup/anon.slice/anon_service.service;0;0;0;0
1684317520.380508;/sys/fs/cgroup/test.slice/test;0;0;0;0
1684317521.379795;#SYSTEM;0;0;0;0
1684317521.379795;/sys/fs/cgroup/anon.slice/anon_service.service;0;0;0;0
1684317521.379795;/sys/fs/cgroup/test.slice/test;0;0;0;0
1684317522.378964;#SYSTEM;0;0;0;0
1684317522.378964;/sys/fs/cgroup/anon.slice/anon_service.service;0;0;0;0
1684317522.378964;/sys/fs/cgroup/test.slice/test;0;0;0;0
1684317523.378231;#SYSTEM;0;0;0;0
1684317523.378231;/sys/fs/cgroup/anon.slice/anon_service.service;0;0;0;0
1684317523.378231;/sys/fs/cgroup/test.slice/test;0;0;0;0
1684317524.377513;#SYSTEM;0;0;0;0
1684317524.377513;/sys/fs/cgroup/anon.slice/anon_service.service;0;0;0;0
1684317524.377513;/sys/fs/cgroup/test.slice/test;0;0;0;0
1684317525.376758;#SYSTEM;0;0;0;0
1684317525.376758;/sys/fs/cgroup/anon.slice/anon_service.service;0;0;0;0
1684317525.376758;/sys/fs/cgroup/test.slice/test;0;0;0;0
1684317526.375867;#SYSTEM;0;0;0;0
1684317526.375867;/sys/fs/cgroup/anon.slice/anon_service.service;0;0;0;0
1684317526.375867;/sys/fs/cgroup/test.slice/test;0;0;0;0
1684317527.375049;#SYSTEM;0;0;0;0
1684317527.375049;/sys/fs/cgroup/anon.slice/anon_service.service;0;0;0;0
1684317527.375049;/sys/fs/cgroup/test.slice/test;0;0;0;0
1684317528.374425;#SYSTEM;0;0;0;0
1684317528.374425;/sys/fs/cgroup/anon.slice/anon_service.service;0;0;0;0
1684317528.374425;/sys/fs/cgroup/test.slice/test;0;0;0;0
1684317529.373600;#SYSTEM;0;0;0;0
1684317529.373600;/sys/fs/cgroup/anon.slice/anon_service.service;0;0;0;0
1684317529.373600;/sys/fs/cgroup/test.slice/test;0;0;0;0
1684317530.372896;#SYSTEM;0;0;0;0
1684317530.372896;/sys/fs/cgroup/anon.slice/anon_service.service;0;0;0;0
1684317530.372896;/sys/fs/cgroup/test.slice/test;0;0;0;0
1684317531.371885;#SYSTEM;0;0;0;0
1684317531.371885;/sys/fs/cgroup/anon.slice/anon_service.service;0;0;0;0
1684317531.371885;/sys/fs/cgroup/test.slice/test;0;0;0;0
1684317532.371122;#SYSTEM;0;0;0;0
1684317532.371122;/sys/fs/cgroup/anon.slice/anon_service.service;0;0;0;0
1684317532.371122;/sys/fs/cgroup/test.slice/test;0;0;0;0
1684317533.370423;#SYSTEM;0;0;0;0
1684317533.370423;/sys/fs/cgroup/anon.slice/anon_service.service;0;0;0;0
1684317533.370423;/sys/fs/cgroup/test.slice/test;0;0;0;0
1684317534.369825;#SYSTEM;0;0;0;0
1684317534.369825;/sys/fs/cgroup/anon.slice/anon_service.service;0;0;0;0
1684317534.369825;/sys/fs/cgroup/test.slice/test;0;0;0;0
1684317535.368722;#SYSTEM;0;0;0;0
1684317535.368722;/sys/fs/cgroup/anon.slice/anon_service.service;0;0;0;0
1684317535.368722;/sys/fs/cgroup/test.slice/test;0;0;0;0
1684317536.367885;#SYSTEM;0;0;0;0
1684317536.367885;/sys/fs/cgroup/anon.slice/anon_service.service;0;0;0;0
1684317536.367885;/sys/fs/cgroup/test.slice/test;0;0;0;0
1684317537.367006;#SYSTEM;0;0;0;0
1684317537.367006;/sys/fs/cgroup/anon.slice/anon_service.service;0;0;0;0
1684317537.367006;/sys/fs/cgroup/test.slice/test;0;0;0;0
1684317538.366423;#SYSTEM;0;0;0;0
1684317538.366423;/sys/fs/cgroup/anon.slice/anon_service.service;0;0;0;0
1684317538.366423;/sys/fs/cgroup/test.slice/test;0;0;0;0
1684317539.365420;#SYSTEM;0;0;0;0
1684317539.365420;/sys/fs/cgroup/anon.slice/anon_service.service;0;0;0;0
1684317539.365420;/sys/fs/cgroup/test.slice/test;0;0;0;0
1684317540.364850;#SYSTEM;0;0;0;0
1684317540.364850;/sys/fs/cgroup/anon.slice/anon_service.service;0;0;0;0
1684317540.364850;/sys/fs/cgroup/test.slice/test;0;0;0;0
1684317541.363874;#SYSTEM;0;0;0;0
1684317541.363874;/sys/fs/cgroup/anon.slice/anon_service.service;0;0;0;0
1684317541.363874;/sys/fs/cgroup/test.slice/test;0;0;0;0
1684317542.363055;#SYSTEM;0;0;0;0
1684317542.363055;/sys/fs/cgroup/anon.slice/anon_service.service;0;0;0;0
1684317542.363055;/sys/fs/cgroup/test.slice/test;0;0;0;0
1684317543.364735;#SYSTEM;0;0;0;0
1684317543.364735;/sys/fs/cgroup/anon.slice/anon_service.service;0;0;0;0
1684317543.364735;/sys/fs/cgroup/test.slice/test;0;0;0;0
1684317544.388923;#SYSTEM;0;0;0;0
1684317544.388923;/sys/fs/cgroup/anon.slice/anon_service.service;0;0;0;0
1684317544.388923;/sys/fs/cgroup/test.slice/test;0;0;0;0
1684317545.386856;#SYSTEM;0;0;0;0
1684317545.386856;/sys/fs/cgroup/anon.slice/anon_service.service;0;0;0;0
1684317545.386856;/sys/fs/cgroup/test.slice/test;0;0;0;0
1684317546.386485;#SYSTEM;0;0;0;0
1684317546.386485;/sys/fs/cgroup/anon.slice/anon_service.service;0;0;0;0
1684317546.386485;/sys/fs/cgroup/test.slice/test;0;0;0;0
1684317547.414963;#SYSTEM;0;0;0;0
1684317547.414963;/sys/fs/cgroup/anon.slice/anon_service.service;0;0;0;0
1684317547.414963;/sys/fs/cgroup/test.slice/test;0;0;0;0
1684317548.454885;#SYSTEM;0;0;0;0
1684317548.454885;/sys/fs/cgroup/anon.slice/anon_service.service;0;0;0;0
1684317548.454885;/sys/fs/cgroup/test.slice/test;0;0;0;0
1684317549.471555;#SYSTEM;0;0;0;0
1684317549.471555;/sys/fs/cgroup/anon.slice/anon_service.service;0;0;0;0
1684317549.471555;/sys/fs/cgroup/test.slice/test;0;0;0;0
1684317550.475201;#SYSTEM;0;0;0;0
1684317550.475201;/sys/fs/cgroup/anon.slice/anon_service.service;0;0;0;0
1684317550.475201;/sys/fs/cgroup/test.slice/test;0;0;0;0
1684317551.520130;#SYSTEM;0;0;0;0
1684317551.520130;/sys/fs/cgroup/anon.slice/anon_service.service;0;0;0;0
1684317551.520130;/sys/fs/cgroup/test.slice/test;0;0;0;0
1684317552.530045;#SYSTEM;0;0;0;0
1684317552.530045;/sys/fs/cgroup/anon.slice/anon_service.service;0;0;0;0
1684317552.530045;/sys/fs/cgroup/test.slice/test;0;0;0;0
1684317553.529370;#SYSTEM;0;0;0;0
1684317553.529370;/sys/fs/cgroup/anon.slice/anon_service.service;0;0;0;0
1684317553.529370;/sys/fs/cgroup/test.slice/test;0;0;0;0
1684317554.528661;#SYSTEM;0;0;0;0
1684317554.528661;/sys/fs/cgroup/anon.slice/anon_service.service;0;0;0;0
1684317554.528661;/sys/fs/cgroup/test.slice/test;0;0;0;0
1684317555.529869;#SYSTEM;0;0;0;0
1684317555.529869;/sys/fs/cgroup/anon.slice/anon_service.service;0;0;0;0
1684317555.529869;/sys/fs/cgroup/test.slice/test;0;0;0;0
1684317556.538731;#SYSTEM;0;0;0;0
1684317556.538731;/sys/fs/cgroup/anon.slice/anon_service.service;0;0;0;0
1684317556.538731;/sys/fs/cgroup/test.slice/test;0;0;0;0
1684317557.557448;#SYSTEM;0;0;0;0
1684317557.557448;/sys/fs/cgroup/anon.slice/anon_service.service;0;0;0;0
1684317557.557448;/sys/fs/cgroup/test.slice/test;0;0;0;0
1684317558.572981;#SYSTEM;0;0;0;0
1684317558.572981;/sys/fs/cgroup/anon.slice/anon_service.service;0;0;0;0
1684317558.572981;/sys/fs/cgroup/test.slice/test;0;0;0;0
1684317559.580148;#SYSTEM;0;0;0;0
1684317559.580148;/sys/fs/cgroup/anon.slice/anon_service.service;0;0;0;0
1684317559.580148;/sys/fs/cgroup/test.slice/test;0;0;0;0
1684317560.595388;#SYSTEM;0;0;0;0
1684317560.595388;/sys/fs/cgroup/anon.slice/anon_service.service;0;0;0;0
1684317560.595388;/sys/fs/cgroup/test.slice/test;0;0;0;0
1684317561.602526;#SYSTEM;0;0;0;0
1684317561.602526;/sys/fs/cgroup/anon.slice/anon_service.service;0;0;0;0
1684317561.602526;/sys/fs/cgroup/test.slice/test;0;0;0;0
1684317562.616550;#SYSTEM;0;0;0;0
1684317562.616550;/sys/fs/cgroup/anon.slice/anon_service.service;0;0;0;0
1684317562.616550;/sys/fs/cgroup/test.slice/test;0;0;0;0
1684317563.621899;#SYSTEM;0;0;0;0
1684317563.621899;/sys/fs/cgroup/anon.slice/anon_service.service;0;0;0;0
1684317563.621899;/sys/fs/cgroup/test.slice/test;0;0;0;0
1684317564.669551;#SYSTEM;0;0;0;0
1684317564.669551;/sys/fs/cgroup/anon.slice/anon_service.service;0;0;0;0
1684317564.669551;/sys/fs/cgroup/test.slice/test;0;0;0;0
1684317565.701524;#SYSTEM;0;0;0;0
1684317565.701524;/sys/fs/cgroup/anon.slice/anon_service.service;0;0;0;0
1684317565.701524;/sys/fs/cgroup/test.slice/test;0;0;0;0
1684317566.720285;#SYSTEM;0;0;0;0
1684317566.720285;/sys/fs/cgroup/anon.slice/anon_service.service;0;0;0;0
1684317566.720285;/sys/fs/cgroup/test.slice/test;0;0;0;0
1684317567.795599;#SYSTEM;0;0;0;0
1684317567.795599;/sys/fs/cgroup/anon.slice/anon_service.service;0;0;0;0
1684317567.795599;/sys/fs/cgroup/test.slice/test;0;0;0;0
1684317568.805602;#SYSTEM;0;0;0;0
1684317568.805602;/sys/fs/cgroup/anon.slice/anon_service.service;0;0;0;0
1684317568.805602;/sys/fs/cgroup/test.slice/test;0;0;0;0
1684317569.805289;#SYSTEM;0;0;0;0
1684317569.805289;/sys/fs/cgroup/anon.slice/anon_service.service;0;0;0;0
1684317569.805289;/sys/fs/cgroup/test.slice/test;0;0;0;0
1684317570.804234;#SYSTEM;0;0;0;0
1684317570.804234;/sys/fs/cgroup/anon.slice/anon_service.service;0;0;0;0
1684317570.804234;/sys/fs/cgroup/test.slice/test;0;0;0;0
1684317571.806402;#SYSTEM;0;0;0;0
1684317571.806402;/sys/fs/cgroup/anon.slice/anon_service.service;0;0;0;0
1684317571.806402;/sys/fs/cgroup/test.slice/test;0;0;0;0
1684317572.828968;#SYSTEM;0;0;0;0
1684317572.828968;/sys/fs/cgroup/anon.slice/anon_service.service;0;0;0;0
1684317572.828968;/sys/fs/cgroup/test.slice/test;0;0;0;0
1684317573.852466;#SYSTEM;0;0;0;0
1684317573.852466;/sys/fs/cgroup/anon.slice/anon_service.service;0;0;0;0
1684317573.852466;/sys/fs/cgroup/test.slice/test;0;0;0;0
1684317574.878938;#SYSTEM;0;0;0;0
1684317574.878938;/sys/fs/cgroup/anon.slice/anon_service.service;0;0;0;0
1684317574.878938;/sys/fs/cgroup/test.slice/test;0;0;0;0
1684317575.893546;#SYSTEM;0;0;0;0
1684317575.893546;/sys/fs/cgroup/anon.slice/anon_service.service;0;0;0;0
1684317575.893546;/sys/fs/cgroup/test.slice/test;0;0;0;0
1684317576.905361;#SYSTEM;0;0;0;0
1684317576.905361;/sys/fs/cgroup/anon.slice/anon_service.service;0;0;0;0
1684317576.905361;/sys/fs/cgroup/test.slice/test;0;0;0;0
1684317577.955668;#SYSTEM;0;0;0;0
1684317577.955668;/sys/fs/cgroup/anon.slice/anon_service.service;0;0;0;0
1684317577.955668;/sys/fs/cgroup/test.slice/test;0;0;0;0
1684317578.979062;#SYSTEM;0;0;0;0
1684317578.979062;/sys/fs/cgroup/anon.slice/anon_service.service;0;0;0;0
1684317578.979062;/sys/fs/cgroup/test.slice/test;0;0;0;0
